customer_id,first_name,last_name,city,state,signup_date,loyalty_segment
BM-C00001,Ayaan,Sharma,Mumbai,Maharashtra,2021-09-07,Platinum
BM-C00002,Aditya,Reddy,Chennai,Tamil Nadu,2023-10-29,Gold
BM-C00003,Pari,Nair,Hyderabad,Telangana,2024-06-20,Platinum
BM-C00004,Krishna,Gupta,Bengaluru,Karnataka,2021-02-05,Gold
BM-C00005,Saanvi,Mehta,Lucknow,Uttar Pradesh,2022-05-25,Gold
BM-C00006,Arjun,Rao,Hyderabad,Telangana,2023-03-14,Bronze
BM-C00007,Vihaan,Gupta,Mumbai,Maharashtra,2024-05-03,Silver
BM-C00008,Ira,Verma,Kolkata,West Bengal,2022-04-10,Platinum
BM-C00009,Myra,Rao,Lucknow,Uttar Pradesh,2021-02-20,Bronze
BM-C00010,Navya,Iyer,Delhi,Delhi,2024-06-14,Gold
BM-C00011,Ishaan,Nair,Delhi,Delhi,2020-05-06,Platinum
BM-C00012,Krishna,Rao,Mumbai,Maharashtra,2020-07-09,Bronze
BM-C00013,Anika,Mehta,Chennai,Tamil Nadu,2020-09-09,Silver
BM-C00014,Sai,Rao,Pune,Maharashtra,2023-07-06,Bronze
BM-C00015,Ananya,Singh,Lucknow,Uttar Pradesh,2019-03-02,Bronze
BM-C00016,Ishaan,Reddy,Pune,Maharashtra,2019-06-29,Silver
BM-C00017,Aditya,Verma,Lucknow,Uttar Pradesh,2023-02-18,Bronze
BM-C00018,Arjun,Gupta,Jaipur,Rajasthan,2024-08-11,Platinum
BM-C00019,Sai,Iyer,Jaipur,Rajasthan,2023-06-28,Platinum
BM-C00020,Navya,Reddy,Hyderabad,Telangana,2021-08-26,Platinum
BM-C00021,Myra,Rao,Pune,Maharashtra,2022-11-03,Bronze
BM-C00022,Ayaan,Verma,Hyderabad,Telangana,2021-11-16,Bronze
BM-C00023,Navya,Reddy,Lucknow,Uttar Pradesh,2024-01-03,Silver
BM-C00024,Aditya,Sharma,Mumbai,Maharashtra,2020-12-12,Bronze
BM-C00025,Ananya,Verma,Mumbai,Maharashtra,2023-05-17,Silver
BM-C00026,Pari,Reddy,Chennai,Tamil Nadu,2023-08-03,Silver
BM-C00027,Riya,Singh,Lucknow,Uttar Pradesh,2021-01-24,Platinum
BM-C00028,Reyansh,Verma,Kolkata,West Bengal,2019-10-29,Platinum
BM-C00029,Saanvi,Nair,Pune,Maharashtra,2022-12-21,Bronze
BM-C00030,Vivaan,Nair,Delhi,Delhi,2021-11-20,Bronze
BM-C00031,Reyansh,Reddy,Hyderabad,Telangana,2023-07-25,Platinum
BM-C00032,Saanvi,Gupta,Bengaluru,Karnataka,2021-05-15,Platinum
BM-C00033,Aditya,Singh,Hyderabad,Telangana,2023-09-06,Bronze
BM-C00034,Navya,Sharma,Mumbai,Maharashtra,2019-10-17,Silver
BM-C00035,Saanvi,Singh,Bengaluru,Karnataka,2023-02-04,Silver
BM-C00036,Vivaan,Gupta,Kolkata,West Bengal,2022-03-23,Bronze
BM-C00037,Krishna,Singh,Kolkata,West Bengal,2021-06-05,Platinum
BM-C00038,Pari,Gupta,Jaipur,Rajasthan,2020-08-12,Gold
BM-C00039,Vivaan,Mehta,Hyderabad,Telangana,2023-08-12,Bronze
BM-C00040,Vivaan,Sharma,Pune,Maharashtra,2023-12-20,Platinum
BM-C00041,Anika,Gupta,Jaipur,Rajasthan,2019-06-26,Bronze
BM-C00042,Aditya,Mehta,Bengaluru,Karnataka,2019-07-31,Silver
BM-C00043,Vihaan,Mehta,Kolkata,West Bengal,2021-02-03,Bronze
BM-C00044,Aditya,Nair,Lucknow,Uttar Pradesh,2024-08-04,Gold
BM-C00045,Reyansh,Patel,Chennai,Tamil Nadu,2021-01-11,Gold
BM-C00046,Arjun,Iyer,Kolkata,West Bengal,2022-11-21,Gold
BM-C00047,Aarav,Singh,Delhi,Delhi,2024-04-13,Bronze
BM-C00048,Navya,Reddy,Delhi,Delhi,2023-04-21,Gold
BM-C00049,Diya,Verma,Bengaluru,Karnataka,2021-01-28,Gold
BM-C00050,Sai,Singh,Chennai,Tamil Nadu,2023-08-15,Gold
BM-C00051,Anika,Sharma,Lucknow,Uttar Pradesh,2024-09-05,Gold
BM-C00052,Arjun,Iyer,Delhi,Delhi,2019-12-25,Bronze
BM-C00053,Arjun,Iyer,Jaipur,Rajasthan,2021-05-25,Silver
BM-C00054,Reyansh,Iyer,Pune,Maharashtra,2023-04-20,Platinum
BM-C00055,Vivaan,Verma,Chennai,Tamil Nadu,2024-05-24,Platinum
BM-C00056,Vivaan,Sharma,Chennai,Tamil Nadu,2021-11-02,Silver
BM-C00057,Sai,Singh,Chennai,Tamil Nadu,2023-09-11,Platinum
BM-C00058,Aarav,Verma,Jaipur,Rajasthan,2019-08-22,Silver
BM-C00059,Vivaan,Patel,Jaipur,Rajasthan,2023-12-15,Silver
BM-C00060,Arjun,Sharma,Kolkata,West Bengal,2021-08-15,Gold
BM-C00061,Diya,Reddy,Mumbai,Maharashtra,2024-10-20,Silver
BM-C00062,Diya,Rao,Delhi,Delhi,2022-06-16,Silver
BM-C00063,Sai,Gupta,Hyderabad,Telangana,2022-07-04,Bronze
BM-C00064,Ananya,Nair,Bengaluru,Karnataka,2024-09-12,Silver
BM-C00065,Sai,Verma,Chennai,Tamil Nadu,2022-04-03,Bronze
BM-C00066,Ayaan,Reddy,Ahmedabad,Gujarat,2022-12-01,Gold
BM-C00067,Ayaan,Reddy,Chennai,Tamil Nadu,2019-03-15,Silver
BM-C00068,Ananya,Iyer,Kolkata,West Bengal,2019-08-04,Gold
BM-C00069,Anika,Nair,Pune,Maharashtra,2024-10-12,Gold
BM-C00070,Vihaan,Iyer,Mumbai,Maharashtra,2020-07-08,Gold
BM-C00071,Vihaan,Mehta,Mumbai,Maharashtra,2022-09-12,Gold
BM-C00072,Saanvi,Mehta,Pune,Maharashtra,2023-05-08,Bronze
BM-C00073,Riya,Reddy,Kolkata,West Bengal,2021-03-02,Bronze
BM-C00074,Aarav,Rao,Kolkata,West Bengal,2023-07-31,Silver
BM-C00075,Saanvi,Verma,Pune,Maharashtra,2024-08-25,Gold
BM-C00076,Ananya,Verma,Lucknow,Uttar Pradesh,2021-07-22,Gold
BM-C00077,Ananya,Nair,Kolkata,West Bengal,2024-12-06,Gold
BM-C00078,Arjun,Reddy,Jaipur,Rajasthan,2022-07-30,Platinum
BM-C00079,Ira,Mehta,Bengaluru,Karnataka,2021-07-24,Platinum
BM-C00080,Aarav,Iyer,Jaipur,Rajasthan,2021-06-10,Silver
BM-C00081,Riya,Mehta,Kolkata,West Bengal,2024-07-27,Gold
BM-C00082,Myra,Singh,Ahmedabad,Gujarat,2024-09-30,Silver
BM-C00083,Pari,Gupta,Jaipur,Rajasthan,2024-08-08,Bronze
BM-C00084,Anika,Mehta,Chennai,Tamil Nadu,2021-11-07,Bronze
BM-C00085,Ishaan,Reddy,Hyderabad,Telangana,2020-09-10,Silver
BM-C00086,Vivaan,Reddy,Mumbai,Maharashtra,2023-01-16,Bronze
BM-C00087,Saanvi,Mehta,Ahmedabad,Gujarat,2020-08-27,Platinum
BM-C00088,Aadhya,Reddy,Ahmedabad,Gujarat,2020-04-03,Bronze
BM-C00089,Saanvi,Reddy,Delhi,Delhi,2020-06-30,Platinum
BM-C00090,Navya,Reddy,Mumbai,Maharashtra,2020-01-13,Platinum
BM-C00091,Myra,Rao,Bengaluru,Karnataka,2023-10-03,Gold
BM-C00092,Ira,Rao,Ahmedabad,Gujarat,2022-08-18,Platinum
BM-C00093,Pari,Singh,Bengaluru,Karnataka,2021-03-16,Silver
BM-C00094,Anika,Singh,Chennai,Tamil Nadu,2024-05-01,Silver
BM-C00095,Myra,Verma,Chennai,Tamil Nadu,2021-06-06,Silver
BM-C00096,Ananya,Patel,Chennai,Tamil Nadu,2023-08-06,Bronze
BM-C00097,Arjun,Reddy,Bengaluru,Karnataka,2022-04-05,Silver
BM-C00098,Aditya,Nair,Hyderabad,Telangana,2022-06-20,Gold
BM-C00099,Myra,Nair,Jaipur,Rajasthan,2019-07-13,Silver
BM-C00100,Aadhya,Mehta,Kolkata,West Bengal,2024-11-30,Bronze
BM-C00101,Aadhya,Singh,Lucknow,Uttar Pradesh,2019-01-19,Gold
BM-C00102,Aadhya,Nair,Chennai,Tamil Nadu,2023-07-31,Silver
BM-C00103,Ayaan,Iyer,Ahmedabad,Gujarat,2022-09-16,Platinum
BM-C00104,Aadhya,Patel,Mumbai,Maharashtra,2024-09-09,Platinum
BM-C00105,Myra,Gupta,Bengaluru,Karnataka,2024-04-17,Bronze
BM-C00106,Riya,Mehta,Kolkata,West Bengal,2024-08-21,Bronze
BM-C00107,Saanvi,Gupta,Delhi,Delhi,2022-12-05,Silver
BM-C00108,Krishna,Nair,Mumbai,Maharashtra,2021-10-14,Silver
BM-C00109,Ananya,Patel,Ahmedabad,Gujarat,2022-03-23,Gold
BM-C00110,Krishna,Verma,Kolkata,West Bengal,2023-01-01,Bronze
BM-C00111,Vivaan,Patel,Jaipur,Rajasthan,2020-11-27,Bronze
BM-C00112,Aarav,Reddy,Mumbai,Maharashtra,2020-09-11,Bronze
BM-C00113,Arjun,Reddy,Lucknow,Uttar Pradesh,2020-01-28,Platinum
BM-C00114,Riya,Reddy,Delhi,Delhi,2022-12-15,Gold
BM-C00115,Sai,Mehta,Pune,Maharashtra,2024-03-01,Bronze
BM-C00116,Ishaan,Verma,Bengaluru,Karnataka,2023-12-03,Bronze
BM-C00117,Riya,Nair,Chennai,Tamil Nadu,2022-05-17,Silver
BM-C00118,Riya,Reddy,Delhi,Delhi,2019-11-13,Gold
BM-C00119,Vihaan,Mehta,Lucknow,Uttar Pradesh,2019-05-08,Gold
BM-C00120,Saanvi,Patel,Jaipur,Rajasthan,2019-08-03,Gold
BM-C00121,Saanvi,Singh,Mumbai,Maharashtra,2019-11-24,Platinum
BM-C00122,Myra,Gupta,Pune,Maharashtra,2022-09-15,Silver
BM-C00123,Krishna,Mehta,Jaipur,Rajasthan,2023-07-31,Platinum
BM-C00124,Saanvi,Mehta,Ahmedabad,Gujarat,2021-04-13,Gold
BM-C00125,Aditya,Iyer,Hyderabad,Telangana,2022-11-01,Silver
BM-C00126,Riya,Mehta,Ahmedabad,Gujarat,2024-09-06,Platinum
BM-C00127,Aarav,Singh,Pune,Maharashtra,2021-10-06,Silver
BM-C00128,Reyansh,Patel,Ahmedabad,Gujarat,2021-03-13,Gold
BM-C00129,Ira,Iyer,Chennai,Tamil Nadu,2023-09-23,Bronze
BM-C00130,Reyansh,Verma,Jaipur,Rajasthan,2021-01-19,Platinum
BM-C00131,Navya,Reddy,Ahmedabad,Gujarat,2024-11-15,Platinum
BM-C00132,Myra,Sharma,Ahmedabad,Gujarat,2019-10-17,Gold
BM-C00133,Aadhya,Reddy,Hyderabad,Telangana,2021-08-09,Gold
BM-C00134,Navya,Rao,Ahmedabad,Gujarat,2021-12-04,Platinum
BM-C00135,Ananya,Patel,Jaipur,Rajasthan,2024-12-23,Platinum
BM-C00136,Ishaan,Iyer,Chennai,Tamil Nadu,2020-12-17,Bronze
BM-C00137,Ananya,Verma,Hyderabad,Telangana,2023-07-23,Silver
BM-C00138,Reyansh,Singh,Hyderabad,Telangana,2021-05-09,Gold
BM-C00139,Reyansh,Iyer,Delhi,Delhi,2020-12-07,Gold
BM-C00140,Ishaan,Sharma,Bengaluru,Karnataka,2023-07-18,Silver
BM-C00141,Vivaan,Sharma,Chennai,Tamil Nadu,2023-09-16,Gold
BM-C00142,Pari,Verma,Bengaluru,Karnataka,2019-02-08,Gold
BM-C00143,Pari,Singh,Ahmedabad,Gujarat,2021-11-24,Silver
BM-C00144,Krishna,Singh,Mumbai,Maharashtra,2019-12-21,Bronze
BM-C00145,Pari,Verma,Kolkata,West Bengal,2023-11-28,Bronze
BM-C00146,Arjun,Mehta,Bengaluru,Karnataka,2021-08-01,Bronze
BM-C00147,Vihaan,Rao,Hyderabad,Telangana,2022-07-17,Silver
BM-C00148,Aadhya,Singh,Jaipur,Rajasthan,2022-10-07,Gold
BM-C00149,Saanvi,Iyer,Lucknow,Uttar Pradesh,2023-11-02,Bronze
BM-C00150,Vihaan,Reddy,Lucknow,Uttar Pradesh,2024-04-27,Silver
BM-C00151,Aditya,Gupta,Chennai,Tamil Nadu,2021-01-15,Silver
BM-C00152,Aditya,Gupta,Jaipur,Rajasthan,2019-01-09,Platinum
BM-C00153,Ira,Singh,Ahmedabad,Gujarat,2021-06-23,Bronze
BM-C00154,Ishaan,Iyer,Hyderabad,Telangana,2024-12-24,Platinum
BM-C00155,Ayaan,Iyer,Delhi,Delhi,2024-04-25,Silver
BM-C00156,Vihaan,Rao,Kolkata,West Bengal,2020-11-29,Silver
BM-C00157,Arjun,Verma,Chennai,Tamil Nadu,2019-07-05,Silver
BM-C00158,Ira,Mehta,Chennai,Tamil Nadu,2021-06-15,Platinum
BM-C00159,Myra,Iyer,Delhi,Delhi,2024-12-13,Platinum
BM-C00160,Anika,Rao,Chennai,Tamil Nadu,2023-03-15,Platinum
BM-C00161,Ira,Sharma,Delhi,Delhi,2022-09-04,Gold
BM-C00162,Krishna,Sharma,Lucknow,Uttar Pradesh,2019-10-11,Silver
BM-C00163,Riya,Sharma,Lucknow,Uttar Pradesh,2024-09-19,Gold
BM-C00164,Vivaan,Gupta,Lucknow,Uttar Pradesh,2023-01-01,Platinum
BM-C00165,Sai,Mehta,Chennai,Tamil Nadu,2022-09-16,Platinum
BM-C00166,Pari,Patel,Delhi,Delhi,2022-06-22,Gold
BM-C00167,Vihaan,Gupta,Pune,Maharashtra,2021-10-21,Platinum
BM-C00168,Ishaan,Nair,Ahmedabad,Gujarat,2023-09-06,Bronze
BM-C00169,Aditya,Patel,Ahmedabad,Gujarat,2021-02-23,Gold
BM-C00170,Aadhya,Rao,Delhi,Delhi,2019-01-04,Platinum
BM-C00171,Vivaan,Reddy,Kolkata,West Bengal,2023-05-30,Gold
BM-C00172,Pari,Singh,Lucknow,Uttar Pradesh,2019-06-10,Silver
BM-C00173,Navya,Gupta,Chennai,Tamil Nadu,2021-06-13,Platinum
BM-C00174,Vihaan,Sharma,Ahmedabad,Gujarat,2024-05-11,Silver
BM-C00175,Ishaan,Rao,Bengaluru,Karnataka,2019-02-12,Platinum
BM-C00176,Ayaan,Verma,Delhi,Delhi,2022-12-04,Bronze
BM-C00177,Pari,Iyer,Bengaluru,Karnataka,2023-05-01,Gold
BM-C00178,Pari,Singh,Kolkata,West Bengal,2021-01-27,Platinum
BM-C00179,Arjun,Nair,Jaipur,Rajasthan,2020-08-15,Silver
BM-C00180,Krishna,Nair,Delhi,Delhi,2021-11-21,Gold
BM-C00181,Ishaan,Iyer,Mumbai,Maharashtra,2023-12-29,Platinum
BM-C00182,Myra,Rao,Bengaluru,Karnataka,2023-02-13,Gold
BM-C00183,Navya,Rao,Pune,Maharashtra,2022-03-17,Platinum
BM-C00184,Reyansh,Reddy,Pune,Maharashtra,2023-11-12,Platinum
BM-C00185,Saanvi,Sharma,Hyderabad,Telangana,2021-09-15,Platinum
BM-C00186,Aadhya,Gupta,Kolkata,West Bengal,2023-03-19,Bronze
BM-C00187,Anika,Mehta,Bengaluru,Karnataka,2021-10-28,Bronze
BM-C00188,Vihaan,Rao,Ahmedabad,Gujarat,2022-11-20,Bronze
BM-C00189,Saanvi,Gupta,Bengaluru,Karnataka,2019-08-21,Platinum
BM-C00190,Ananya,Mehta,Chennai,Tamil Nadu,2024-11-22,Platinum
BM-C00191,Ananya,Rao,Delhi,Delhi,2022-03-26,Gold
BM-C00192,Navya,Sharma,Ahmedabad,Gujarat,2024-04-02,Bronze
BM-C00193,Ishaan,Reddy,Hyderabad,Telangana,2019-10-08,Platinum
BM-C00194,Vihaan,Singh,Delhi,Delhi,2020-05-31,Gold
BM-C00195,Vivaan,Patel,Mumbai,Maharashtra,2019-06-24,Gold
BM-C00196,Diya,Nair,Pune,Maharashtra,2020-03-28,Silver
BM-C00197,Saanvi,Mehta,Jaipur,Rajasthan,2024-10-19,Silver
BM-C00198,Sai,Verma,Bengaluru,Karnataka,2024-03-08,Platinum
BM-C00199,Ayaan,Singh,Lucknow,Uttar Pradesh,2023-12-17,Silver
BM-C00200,Myra,Iyer,Hyderabad,Telangana,2022-11-28,Gold
BM-C00201,Myra,Iyer,Mumbai,Maharashtra,2024-10-06,Silver
BM-C00202,Myra,Patel,Delhi,Delhi,2023-12-31,Gold
BM-C00203,Krishna,Singh,Kolkata,West Bengal,2021-07-27,Silver
BM-C00204,Pari,Verma,Kolkata,West Bengal,2021-01-06,Platinum
BM-C00205,Diya,Mehta,Lucknow,Uttar Pradesh,2021-07-08,Gold
BM-C00206,Aadhya,Iyer,Mumbai,Maharashtra,2019-01-26,Bronze
BM-C00207,Pari,Iyer,Lucknow,Uttar Pradesh,2020-12-15,Gold
BM-C00208,Reyansh,Mehta,Hyderabad,Telangana,2021-02-17,Silver
BM-C00209,Vivaan,Iyer,Delhi,Delhi,2022-10-01,Bronze
BM-C00210,Diya,Gupta,Lucknow,Uttar Pradesh,2019-10-08,Gold
BM-C00211,Saanvi,Gupta,Pune,Maharashtra,2020-09-15,Silver
BM-C00212,Diya,Rao,Jaipur,Rajasthan,2023-04-09,Gold
BM-C00213,Krishna,Singh,Bengaluru,Karnataka,2021-07-05,Gold
BM-C00214,Myra,Verma,Delhi,Delhi,2020-03-13,Silver
BM-C00215,Navya,Patel,Kolkata,West Bengal,2019-10-08,Platinum
BM-C00216,Krishna,Rao,Mumbai,Maharashtra,2020-01-19,Platinum
BM-C00217,Krishna,Mehta,Pune,Maharashtra,2022-03-29,Gold
BM-C00218,Ayaan,Singh,Delhi,Delhi,2019-03-19,Gold
BM-C00219,Ayaan,Verma,Lucknow,Uttar Pradesh,2024-05-28,Platinum
BM-C00220,Saanvi,Verma,Chennai,Tamil Nadu,2020-03-10,Bronze
BM-C00221,Ishaan,Singh,Mumbai,Maharashtra,2019-12-27,Bronze
BM-C00222,Navya,Gupta,Hyderabad,Telangana,2022-04-22,Platinum
BM-C00223,Navya,Nair,Pune,Maharashtra,2023-12-30,Silver
BM-C00224,Vihaan,Singh,Kolkata,West Bengal,2024-03-27,Platinum
BM-C00225,Vivaan,Patel,Chennai,Tamil Nadu,2020-11-06,Platinum
BM-C00226,Ayaan,Patel,Ahmedabad,Gujarat,2019-11-05,Gold
BM-C00227,Diya,Sharma,Jaipur,Rajasthan,2022-05-21,Gold
BM-C00228,Vihaan,Singh,Hyderabad,Telangana,2019-10-12,Silver
BM-C00229,Aarav,Sharma,Lucknow,Uttar Pradesh,2021-11-02,Silver
BM-C00230,Riya,Reddy,Bengaluru,Karnataka,2019-08-02,Silver
BM-C00231,Reyansh,Reddy,Lucknow,Uttar Pradesh,2021-10-17,Silver
BM-C00232,Aarav,Iyer,Lucknow,Uttar Pradesh,2020-03-25,Silver
BM-C00233,Krishna,Gupta,Jaipur,Rajasthan,2019-12-08,Bronze
BM-C00234,Aarav,Patel,Bengaluru,Karnataka,2021-01-09,Gold
BM-C00235,Sai,Iyer,Mumbai,Maharashtra,2019-06-12,Silver
BM-C00236,Anika,Verma,Kolkata,West Bengal,2019-07-17,Platinum
BM-C00237,Diya,Rao,Ahmedabad,Gujarat,2024-01-19,Bronze
BM-C00238,Anika,Reddy,Ahmedabad,Gujarat,2024-03-26,Bronze
BM-C00239,Ishaan,Singh,Jaipur,Rajasthan,2024-06-21,Bronze
BM-C00240,Pari,Nair,Mumbai,Maharashtra,2022-08-17,Bronze
BM-C00241,Myra,Verma,Ahmedabad,Gujarat,2019-09-09,Gold
BM-C00242,Arjun,Verma,Lucknow,Uttar Pradesh,2020-01-28,Gold
BM-C00243,Riya,Rao,Lucknow,Uttar Pradesh,2021-10-07,Platinum
BM-C00244,Anika,Iyer,Lucknow,Uttar Pradesh,2022-11-10,Platinum
BM-C00245,Vihaan,Rao,Delhi,Delhi,2020-10-30,Platinum
BM-C00246,Ayaan,Nair,Ahmedabad,Gujarat,2021-11-19,Platinum
BM-C00247,Saanvi,Verma,Kolkata,West Bengal,2021-08-29,Platinum
BM-C00248,Krishna,Patel,Pune,Maharashtra,2020-04-19,Platinum
BM-C00249,Aditya,Verma,Delhi,Delhi,2019-10-17,Platinum
BM-C00250,Diya,Gupta,Delhi,Delhi,2023-09-25,Bronze
BM-C00251,Navya,Rao,Lucknow,Uttar Pradesh,2021-10-21,Bronze
BM-C00252,Diya,Nair,Kolkata,West Bengal,2019-06-09,Gold
BM-C00253,Ishaan,Patel,Lucknow,Uttar Pradesh,2019-11-18,Silver
BM-C00254,Pari,Reddy,Bengaluru,Karnataka,2019-12-03,Gold
BM-C00255,Diya,Verma,Jaipur,Rajasthan,2021-05-15,Silver
BM-C00256,Navya,Mehta,Kolkata,West Bengal,2024-03-21,Bronze
BM-C00257,Krishna,Sharma,Lucknow,Uttar Pradesh,2020-07-14,Gold
BM-C00258,Ananya,Patel,Chennai,Tamil Nadu,2019-01-19,Silver
BM-C00259,Riya,Nair,Bengaluru,Karnataka,2019-08-05,Silver
BM-C00260,Aditya,Rao,Mumbai,Maharashtra,2020-10-30,Platinum
BM-C00261,Myra,Patel,Kolkata,West Bengal,2020-05-04,Gold
BM-C00262,Ananya,Mehta,Chennai,Tamil Nadu,2024-01-27,Bronze
BM-C00263,Arjun,Gupta,Mumbai,Maharashtra,2024-04-03,Bronze
BM-C00264,Krishna,Singh,Delhi,Delhi,2024-08-18,Platinum
BM-C00265,Ira,Singh,Ahmedabad,Gujarat,2022-07-10,Gold
BM-C00266,Anika,Verma,Hyderabad,Telangana,2021-12-08,Platinum
BM-C00267,Ishaan,Mehta,Delhi,Delhi,2023-02-20,Gold
BM-C00268,Ayaan,Nair,Mumbai,Maharashtra,2024-02-06,Bronze
BM-C00269,Reyansh,Iyer,Mumbai,Maharashtra,2020-10-18,Silver
BM-C00270,Ishaan,Patel,Chennai,Tamil Nadu,2020-01-08,Bronze
BM-C00271,Saanvi,Gupta,Ahmedabad,Gujarat,2020-02-06,Platinum
BM-C00272,Ayaan,Rao,Jaipur,Rajasthan,2023-10-02,Gold
BM-C00273,Aadhya,Sharma,Delhi,Delhi,2022-09-17,Bronze
BM-C00274,Aditya,Patel,Ahmedabad,Gujarat,2023-11-24,Platinum
BM-C00275,Aadhya,Nair,Lucknow,Uttar Pradesh,2021-06-18,Bronze
BM-C00276,Aarav,Patel,Kolkata,West Bengal,2020-06-17,Platinum
BM-C00277,Aditya,Nair,Pune,Maharashtra,2019-11-25,Silver
BM-C00278,Riya,Nair,Kolkata,West Bengal,2023-06-16,Bronze
BM-C00279,Ishaan,Patel,Kolkata,West Bengal,2020-11-19,Gold
BM-C00280,Aditya,Rao,Bengaluru,Karnataka,2024-05-21,Bronze
BM-C00281,Anika,Reddy,Jaipur,Rajasthan,2021-12-21,Gold
BM-C00282,Ayaan,Verma,Bengaluru,Karnataka,2020-03-30,Gold
BM-C00283,Sai,Mehta,Hyderabad,Telangana,2020-04-19,Bronze
BM-C00284,Pari,Singh,Bengaluru,Karnataka,2023-10-18,Platinum
BM-C00285,Ira,Patel,Lucknow,Uttar Pradesh,2024-05-02,Gold
BM-C00286,Myra,Verma,Bengaluru,Karnataka,2022-12-27,Platinum
BM-C00287,Krishna,Mehta,Chennai,Tamil Nadu,2019-06-24,Gold
BM-C00288,Aditya,Iyer,Jaipur,Rajasthan,2022-12-05,Platinum
BM-C00289,Vivaan,Patel,Mumbai,Maharashtra,2021-06-10,Bronze
BM-C00290,Ira,Mehta,Delhi,Delhi,2023-04-25,Platinum
BM-C00291,Riya,Rao,Ahmedabad,Gujarat,2019-05-08,Platinum
BM-C00292,Reyansh,Patel,Lucknow,Uttar Pradesh,2024-02-23,Platinum
BM-C00293,Arjun,Sharma,Jaipur,Rajasthan,2022-10-31,Bronze
BM-C00294,Aditya,Rao,Pune,Maharashtra,2024-06-30,Silver
BM-C00295,Ayaan,Singh,Mumbai,Maharashtra,2022-09-27,Silver
BM-C00296,Diya,Iyer,Pune,Maharashtra,2022-04-18,Platinum
BM-C00297,Ira,Sharma,Pune,Maharashtra,2024-05-14,Gold
BM-C00298,Ananya,Verma,Delhi,Delhi,2023-09-30,Platinum
BM-C00299,Krishna,Mehta,Chennai,Tamil Nadu,2020-04-12,Gold
BM-C00300,Riya,Gupta,Delhi,Delhi,2021-12-22,Gold
BM-C00301,Arjun,Mehta,Kolkata,West Bengal,2019-09-21,Gold
BM-C00302,Aadhya,Patel,Jaipur,Rajasthan,2020-02-02,Bronze
BM-C00303,Anika,Patel,Kolkata,West Bengal,2019-02-26,Gold
BM-C00304,Sai,Reddy,Chennai,Tamil Nadu,2021-11-27,Platinum
BM-C00305,Ayaan,Gupta,Hyderabad,Telangana,2020-04-26,Bronze
BM-C00306,Vihaan,Rao,Chennai,Tamil Nadu,2023-08-05,Bronze
BM-C00307,Ira,Gupta,Pune,Maharashtra,2024-01-30,Platinum
BM-C00308,Sai,Gupta,Bengaluru,Karnataka,2024-11-22,Silver
BM-C00309,Vivaan,Nair,Ahmedabad,Gujarat,2022-02-05,Silver
BM-C00310,Ira,Iyer,Ahmedabad,Gujarat,2022-10-26,Silver
BM-C00311,Ayaan,Iyer,Jaipur,Rajasthan,2022-12-28,Silver
BM-C00312,Riya,Singh,Pune,Maharashtra,2022-12-05,Gold
BM-C00313,Anika,Rao,Kolkata,West Bengal,2022-07-24,Silver
BM-C00314,Ira,Gupta,Hyderabad,Telangana,2021-02-15,Bronze
BM-C00315,Diya,Rao,Ahmedabad,Gujarat,2019-11-15,Bronze
BM-C00316,Aditya,Gupta,Chennai,Tamil Nadu,2021-04-27,Platinum
BM-C00317,Arjun,Nair,Jaipur,Rajasthan,2019-10-12,Silver
BM-C00318,Diya,Sharma,Ahmedabad,Gujarat,2022-07-13,Bronze
BM-C00319,Anika,Patel,Kolkata,West Bengal,2021-01-02,Platinum
BM-C00320,Diya,Reddy,Delhi,Delhi,2019-03-29,Gold
BM-C00321,Ananya,Gupta,Delhi,Delhi,2020-03-03,Bronze
BM-C00322,Pari,Gupta,Chennai,Tamil Nadu,2022-12-28,Platinum
BM-C00323,Aarav,Verma,Lucknow,Uttar Pradesh,2019-03-01,Gold
BM-C00324,Arjun,Rao,Hyderabad,Telangana,2024-03-06,Platinum
BM-C00325,Ishaan,Reddy,Delhi,Delhi,2021-07-24,Bronze
BM-C00326,Ayaan,Nair,Mumbai,Maharashtra,2024-06-08,Platinum
BM-C00327,Vihaan,Singh,Delhi,Delhi,2024-01-29,Bronze
BM-C00328,Riya,Reddy,Jaipur,Rajasthan,2020-03-22,Gold
BM-C00329,Aarav,Mehta,Kolkata,West Bengal,2022-01-01,Silver
BM-C00330,Saanvi,Gupta,Lucknow,Uttar Pradesh,2024-08-26,Bronze
BM-C00331,Diya,Verma,Jaipur,Rajasthan,2023-06-23,Bronze
BM-C00332,Pari,Sharma,Kolkata,West Bengal,2024-05-28,Platinum
BM-C00333,Krishna,Sharma,Pune,Maharashtra,2022-01-14,Bronze
BM-C00334,Ayaan,Verma,Pune,Maharashtra,2023-12-13,Gold
BM-C00335,Vivaan,Patel,Bengaluru,Karnataka,2023-08-24,Gold
BM-C00336,Myra,Singh,Bengaluru,Karnataka,2024-05-16,Silver
BM-C00337,Aditya,Singh,Bengaluru,Karnataka,2019-04-25,Gold
BM-C00338,Vivaan,Reddy,Hyderabad,Telangana,2019-05-11,Gold
BM-C00339,Anika,Nair,Chennai,Tamil Nadu,2023-08-15,Platinum
BM-C00340,Vivaan,Reddy,Chennai,Tamil Nadu,2021-06-07,Gold
BM-C00341,Ananya,Iyer,Mumbai,Maharashtra,2020-01-22,Gold
BM-C00342,Aadhya,Singh,Kolkata,West Bengal,2022-04-16,Gold
BM-C00343,Pari,Singh,Bengaluru,Karnataka,2022-02-15,Gold
BM-C00344,Saanvi,Verma,Delhi,Delhi,2022-08-30,Silver
BM-C00345,Ishaan,Patel,Jaipur,Rajasthan,2019-11-15,Bronze
BM-C00346,Ishaan,Iyer,Pune,Maharashtra,2022-10-17,Platinum
BM-C00347,Myra,Patel,Bengaluru,Karnataka,2022-10-21,Bronze
BM-C00348,Ira,Nair,Pune,Maharashtra,2021-05-03,Bronze
BM-C00349,Aadhya,Patel,Delhi,Delhi,2023-05-14,Silver
BM-C00350,Arjun,Mehta,Mumbai,Maharashtra,2024-10-07,Platinum
BM-C00351,Arjun,Verma,Mumbai,Maharashtra,2021-01-03,Gold
BM-C00352,Aadhya,Mehta,Pune,Maharashtra,2019-04-11,Silver
BM-C00353,Diya,Patel,Ahmedabad,Gujarat,2022-10-11,Bronze
BM-C00354,Arjun,Rao,Lucknow,Uttar Pradesh,2022-02-14,Platinum
BM-C00355,Krishna,Reddy,Pune,Maharashtra,2019-12-19,Bronze
BM-C00356,Pari,Rao,Bengaluru,Karnataka,2022-04-17,Bronze
BM-C00357,Krishna,Singh,Chennai,Tamil Nadu,2020-10-28,Gold
BM-C00358,Reyansh,Verma,Ahmedabad,Gujarat,2020-02-26,Bronze
BM-C00359,Sai,Singh,Ahmedabad,Gujarat,2019-09-30,Gold
BM-C00360,Aditya,Rao,Pune,Maharashtra,2023-08-12,Gold
BM-C00361,Sai,Gupta,Chennai,Tamil Nadu,2022-01-28,Silver
BM-C00362,Reyansh,Gupta,Delhi,Delhi,2021-01-05,Platinum
BM-C00363,Diya,Rao,Mumbai,Maharashtra,2023-11-14,Gold
BM-C00364,Navya,Gupta,Ahmedabad,Gujarat,2024-03-16,Bronze
BM-C00365,Ishaan,Nair,Delhi,Delhi,2023-01-27,Platinum
BM-C00366,Riya,Verma,Kolkata,West Bengal,2020-01-25,Gold
BM-C00367,Myra,Singh,Delhi,Delhi,2024-10-14,Gold
BM-C00368,Navya,Mehta,Bengaluru,Karnataka,2020-07-19,Silver
BM-C00369,Anika,Sharma,Kolkata,West Bengal,2020-01-21,Silver
BM-C00370,Sai,Gupta,Chennai,Tamil Nadu,2021-09-29,Silver
BM-C00371,Anika,Iyer,Pune,Maharashtra,2019-09-03,Gold
BM-C00372,Navya,Iyer,Hyderabad,Telangana,2020-01-24,Gold
BM-C00373,Navya,Verma,Lucknow,Uttar Pradesh,2023-04-11,Silver
BM-C00374,Riya,Gupta,Lucknow,Uttar Pradesh,2020-06-15,Gold
BM-C00375,Vivaan,Sharma,Lucknow,Uttar Pradesh,2019-09-10,Bronze
BM-C00376,Krishna,Reddy,Lucknow,Uttar Pradesh,2023-11-13,Platinum
BM-C00377,Aarav,Singh,Lucknow,Uttar Pradesh,2024-05-02,Gold
BM-C00378,Pari,Reddy,Chennai,Tamil Nadu,2024-10-29,Platinum
BM-C00379,Myra,Verma,Chennai,Tamil Nadu,2024-11-09,Bronze
BM-C00380,Myra,Nair,Bengaluru,Karnataka,2023-02-13,Platinum
BM-C00381,Ananya,Mehta,Hyderabad,Telangana,2020-03-22,Gold
BM-C00382,Diya,Nair,Pune,Maharashtra,2020-02-11,Gold
BM-C00383,Navya,Verma,Jaipur,Rajasthan,2021-09-18,Silver
BM-C00384,Vihaan,Iyer,Ahmedabad,Gujarat,2022-10-28,Silver
BM-C00385,Vihaan,Sharma,Bengaluru,Karnataka,2021-06-20,Platinum
BM-C00386,Saanvi,Reddy,Lucknow,Uttar Pradesh,2020-05-11,Gold
BM-C00387,Ananya,Reddy,Lucknow,Uttar Pradesh,2020-05-10,Platinum
BM-C00388,Myra,Singh,Jaipur,Rajasthan,2021-08-16,Platinum
BM-C00389,Aditya,Nair,Mumbai,Maharashtra,2023-04-20,Platinum
BM-C00390,Reyansh,Mehta,Hyderabad,Telangana,2022-01-01,Bronze
BM-C00391,Ishaan,Singh,Mumbai,Maharashtra,2024-01-31,Platinum
BM-C00392,Navya,Sharma,Chennai,Tamil Nadu,2019-11-30,Platinum
BM-C00393,Krishna,Patel,Bengaluru,Karnataka,2022-06-06,Gold
BM-C00394,Aadhya,Sharma,Mumbai,Maharashtra,2023-11-07,Silver
BM-C00395,Navya,Iyer,Pune,Maharashtra,2019-08-17,Platinum
BM-C00396,Myra,Rao,Jaipur,Rajasthan,2021-05-19,Bronze
BM-C00397,Vihaan,Nair,Bengaluru,Karnataka,2022-03-05,Gold
BM-C00398,Diya,Gupta,Jaipur,Rajasthan,2020-09-10,Platinum
BM-C00399,Vivaan,Sharma,Jaipur,Rajasthan,2019-05-01,Silver
BM-C00400,Pari,Rao,Pune,Maharashtra,2022-11-20,Silver
BM-C00401,Anika,Gupta,Lucknow,Uttar Pradesh,2021-10-15,Gold
BM-C00402,Aadhya,Mehta,Bengaluru,Karnataka,2021-07-18,Gold
BM-C00403,Anika,Rao,Jaipur,Rajasthan,2023-03-02,Gold
BM-C00404,Aarav,Patel,Ahmedabad,Gujarat,2021-10-26,Bronze
BM-C00405,Riya,Iyer,Kolkata,West Bengal,2024-11-07,Bronze
BM-C00406,Pari,Iyer,Lucknow,Uttar Pradesh,2024-07-29,Silver
BM-C00407,Riya,Singh,Mumbai,Maharashtra,2020-06-13,Platinum
BM-C00408,Ayaan,Sharma,Bengaluru,Karnataka,2023-11-14,Bronze
BM-C00409,Aarav,Singh,Hyderabad,Telangana,2021-09-01,Platinum
BM-C00410,Saanvi,Reddy,Bengaluru,Karnataka,2022-06-28,Platinum
BM-C00411,Arjun,Rao,Mumbai,Maharashtra,2020-10-06,Gold
BM-C00412,Anika,Nair,Ahmedabad,Gujarat,2021-09-01,Silver
BM-C00413,Navya,Patel,Ahmedabad,Gujarat,2023-08-25,Gold
BM-C00414,Ira,Singh,Chennai,Tamil Nadu,2020-08-20,Silver
BM-C00415,Navya,Iyer,Chennai,Tamil Nadu,2020-11-29,Gold
BM-C00416,Reyansh,Singh,Chennai,Tamil Nadu,2021-09-12,Platinum
BM-C00417,Navya,Iyer,Pune,Maharashtra,2021-06-13,Bronze
BM-C00418,Navya,Nair,Lucknow,Uttar Pradesh,2022-05-10,Gold
BM-C00419,Ishaan,Sharma,Bengaluru,Karnataka,2021-06-12,Bronze
BM-C00420,Myra,Iyer,Pune,Maharashtra,2023-01-28,Silver
BM-C00421,Navya,Iyer,Hyderabad,Telangana,2023-10-13,Gold
BM-C00422,Vihaan,Mehta,Bengaluru,Karnataka,2023-12-29,Silver
BM-C00423,Vivaan,Rao,Hyderabad,Telangana,2020-12-02,Silver
BM-C00424,Vihaan,Nair,Mumbai,Maharashtra,2021-10-23,Platinum
BM-C00425,Arjun,Sharma,Delhi,Delhi,2023-09-06,Silver
BM-C00426,Pari,Singh,Kolkata,West Bengal,2024-07-14,Silver
BM-C00427,Ananya,Iyer,Chennai,Tamil Nadu,2024-06-29,Bronze
BM-C00428,Riya,Reddy,Delhi,Delhi,2023-07-21,Bronze
BM-C00429,Saanvi,Gupta,Bengaluru,Karnataka,2019-04-23,Platinum
BM-C00430,Sai,Iyer,Ahmedabad,Gujarat,2019-04-27,Bronze
BM-C00431,Riya,Mehta,Chennai,Tamil Nadu,2019-11-30,Gold
BM-C00432,Myra,Rao,Chennai,Tamil Nadu,2023-06-18,Platinum
BM-C00433,Anika,Singh,Bengaluru,Karnataka,2021-04-27,Silver
BM-C00434,Ananya,Gupta,Delhi,Delhi,2022-11-26,Gold
BM-C00435,Aarav,Patel,Bengaluru,Karnataka,2021-07-05,Silver
BM-C00436,Ira,Nair,Bengaluru,Karnataka,2022-08-21,Gold
BM-C00437,Aadhya,Verma,Delhi,Delhi,2020-07-28,Silver
BM-C00438,Ananya,Reddy,Ahmedabad,Gujarat,2019-01-22,Gold
BM-C00439,Ayaan,Singh,Kolkata,West Bengal,2021-04-09,Gold
BM-C00440,Riya,Mehta,Chennai,Tamil Nadu,2019-02-05,Gold
BM-C00441,Ayaan,Sharma,Pune,Maharashtra,2024-09-05,Bronze
BM-C00442,Ishaan,Gupta,Ahmedabad,Gujarat,2022-06-13,Gold
BM-C00443,Ishaan,Patel,Delhi,Delhi,2024-03-24,Silver
BM-C00444,Arjun,Singh,Hyderabad,Telangana,2020-04-20,Platinum
BM-C00445,Diya,Nair,Lucknow,Uttar Pradesh,2024-12-20,Platinum
BM-C00446,Reyansh,Reddy,Jaipur,Rajasthan,2024-10-14,Bronze
BM-C00447,Myra,Rao,Jaipur,Rajasthan,2024-12-26,Gold
BM-C00448,Riya,Verma,Delhi,Delhi,2019-07-11,Silver
BM-C00449,Navya,Gupta,Lucknow,Uttar Pradesh,2020-05-26,Gold
BM-C00450,Myra,Verma,Jaipur,Rajasthan,2024-10-14,Silver
BM-C00451,Pari,Verma,Lucknow,Uttar Pradesh,2023-05-05,Platinum
BM-C00452,Myra,Gupta,Mumbai,Maharashtra,2023-05-14,Platinum
BM-C00453,Riya,Sharma,Ahmedabad,Gujarat,2023-10-03,Platinum
BM-C00454,Aarav,Nair,Chennai,Tamil Nadu,2021-03-01,Bronze
BM-C00455,Riya,Verma,Hyderabad,Telangana,2019-05-21,Platinum
BM-C00456,Aditya,Rao,Pune,Maharashtra,2019-07-07,Bronze
BM-C00457,Vivaan,Iyer,Ahmedabad,Gujarat,2022-06-24,Silver
BM-C00458,Saanvi,Patel,Bengaluru,Karnataka,2022-04-03,Platinum
BM-C00459,Aadhya,Verma,Kolkata,West Bengal,2024-10-22,Silver
BM-C00460,Vihaan,Gupta,Pune,Maharashtra,2023-07-28,Platinum
BM-C00461,Arjun,Reddy,Jaipur,Rajasthan,2019-01-11,Bronze
BM-C00462,Myra,Rao,Chennai,Tamil Nadu,2022-08-10,Platinum
BM-C00463,Ayaan,Singh,Hyderabad,Telangana,2021-12-11,Silver
BM-C00464,Reyansh,Verma,Chennai,Tamil Nadu,2019-04-11,Platinum
BM-C00465,Aarav,Reddy,Lucknow,Uttar Pradesh,2020-10-02,Bronze
BM-C00466,Ira,Sharma,Delhi,Delhi,2022-10-19,Bronze
BM-C00467,Vivaan,Nair,Hyderabad,Telangana,2022-09-25,Silver
BM-C00468,Reyansh,Sharma,Jaipur,Rajasthan,2020-03-11,Gold
BM-C00469,Riya,Patel,Hyderabad,Telangana,2023-11-30,Gold
BM-C00470,Ishaan,Gupta,Hyderabad,Telangana,2024-08-13,Silver
BM-C00471,Ishaan,Iyer,Kolkata,West Bengal,2019-07-09,Silver
BM-C00472,Navya,Singh,Kolkata,West Bengal,2019-05-26,Gold
BM-C00473,Anika,Patel,Kolkata,West Bengal,2024-12-03,Platinum
BM-C00474,Arjun,Iyer,Kolkata,West Bengal,2022-03-15,Silver
BM-C00475,Pari,Reddy,Jaipur,Rajasthan,2020-12-01,Gold
BM-C00476,Myra,Sharma,Bengaluru,Karnataka,2023-10-14,Platinum
BM-C00477,Navya,Rao,Kolkata,West Bengal,2020-02-21,Platinum
BM-C00478,Krishna,Reddy,Hyderabad,Telangana,2021-10-23,Bronze
BM-C00479,Diya,Verma,Ahmedabad,Gujarat,2023-07-23,Silver
BM-C00480,Krishna,Nair,Mumbai,Maharashtra,2024-09-24,Bronze
BM-C00481,Reyansh,Mehta,Delhi,Delhi,2024-09-17,Silver
BM-C00482,Reyansh,Patel,Ahmedabad,Gujarat,2021-07-30,Bronze
BM-C00483,Reyansh,Verma,Hyderabad,Telangana,2023-01-27,Silver
BM-C00484,Reyansh,Nair,Lucknow,Uttar Pradesh,2021-01-13,Gold
BM-C00485,Aadhya,Singh,Chennai,Tamil Nadu,2023-07-16,Gold
BM-C00486,Krishna,Patel,Chennai,Tamil Nadu,2023-05-13,Platinum
BM-C00487,Vihaan,Singh,Ahmedabad,Gujarat,2021-09-21,Silver
BM-C00488,Ananya,Nair,Pune,Maharashtra,2019-05-23,Silver
BM-C00489,Aarav,Iyer,Bengaluru,Karnataka,2023-09-16,Platinum
BM-C00490,Arjun,Reddy,Chennai,Tamil Nadu,2021-10-21,Silver
BM-C00491,Riya,Reddy,Kolkata,West Bengal,2023-04-01,Gold
BM-C00492,Pari,Singh,Chennai,Tamil Nadu,2022-12-02,Silver
BM-C00493,Sai,Gupta,Pune,Maharashtra,2023-08-26,Platinum
BM-C00494,Navya,Sharma,Bengaluru,Karnataka,2023-06-16,Bronze
BM-C00495,Vivaan,Sharma,Delhi,Delhi,2022-07-05,Silver
BM-C00496,Aditya,Gupta,Hyderabad,Telangana,2019-01-29,Silver
BM-C00497,Myra,Patel,Jaipur,Rajasthan,2019-07-07,Platinum
BM-C00498,Aarav,Sharma,Ahmedabad,Gujarat,2023-07-12,Platinum
BM-C00499,Aarav,Rao,Mumbai,Maharashtra,2021-05-03,Gold
BM-C00500,Anika,Nair,Mumbai,Maharashtra,2020-07-10,Bronze
BM-C00501,Anika,Gupta,Delhi,Delhi,2021-01-18,Silver
BM-C00502,Anika,Iyer,Lucknow,Uttar Pradesh,2022-01-06,Gold
BM-C00503,Aditya,Patel,Kolkata,West Bengal,2022-06-15,Platinum
BM-C00504,Ayaan,Reddy,Lucknow,Uttar Pradesh,2021-07-20,Bronze
BM-C00505,Aditya,Nair,Mumbai,Maharashtra,2022-03-24,Platinum
BM-C00506,Pari,Sharma,Jaipur,Rajasthan,2024-06-01,Bronze
BM-C00507,Aditya,Singh,Bengaluru,Karnataka,2022-09-10,Gold
BM-C00508,Vihaan,Rao,Lucknow,Uttar Pradesh,2019-05-13,Silver
BM-C00509,Riya,Singh,Hyderabad,Telangana,2021-04-22,Bronze
BM-C00510,Krishna,Rao,Delhi,Delhi,2023-10-17,Bronze
BM-C00511,Ananya,Sharma,Bengaluru,Karnataka,2020-10-05,Silver
BM-C00512,Aditya,Iyer,Kolkata,West Bengal,2020-05-19,Silver
BM-C00513,Aadhya,Rao,Lucknow,Uttar Pradesh,2021-10-27,Platinum
BM-C00514,Aditya,Rao,Bengaluru,Karnataka,2021-12-10,Bronze
BM-C00515,Saanvi,Reddy,Delhi,Delhi,2019-08-25,Gold
BM-C00516,Ira,Mehta,Lucknow,Uttar Pradesh,2022-05-17,Gold
BM-C00517,Krishna,Singh,Mumbai,Maharashtra,2023-03-05,Silver
BM-C00518,Navya,Nair,Pune,Maharashtra,2022-09-03,Silver
BM-C00519,Aadhya,Verma,Lucknow,Uttar Pradesh,2024-04-05,Gold
BM-C00520,Aditya,Verma,Hyderabad,Telangana,2021-04-12,Silver
BM-C00521,Arjun,Nair,Kolkata,West Bengal,2021-09-10,Gold
BM-C00522,Aditya,Sharma,Delhi,Delhi,2021-08-15,Platinum
BM-C00523,Krishna,Verma,Pune,Maharashtra,2020-02-16,Bronze
BM-C00524,Saanvi,Singh,Bengaluru,Karnataka,2023-09-27,Platinum
BM-C00525,Aarav,Verma,Delhi,Delhi,2022-01-04,Bronze
BM-C00526,Ira,Patel,Lucknow,Uttar Pradesh,2022-04-11,Bronze
BM-C00527,Saanvi,Nair,Chennai,Tamil Nadu,2019-09-21,Silver
BM-C00528,Anika,Gupta,Lucknow,Uttar Pradesh,2024-10-30,Platinum
BM-C00529,Arjun,Iyer,Bengaluru,Karnataka,2021-07-24,Gold
BM-C00530,Arjun,Verma,Ahmedabad,Gujarat,2020-06-03,Platinum
BM-C00531,Saanvi,Iyer,Chennai,Tamil Nadu,2023-02-13,Bronze
BM-C00532,Krishna,Reddy,Pune,Maharashtra,2024-04-25,Platinum
BM-C00533,Ira,Reddy,Lucknow,Uttar Pradesh,2022-11-23,Bronze
BM-C00534,Ishaan,Sharma,Bengaluru,Karnataka,2022-05-14,Gold
BM-C00535,Aadhya,Patel,Lucknow,Uttar Pradesh,2022-09-29,Gold
BM-C00536,Ira,Gupta,Kolkata,West Bengal,2021-07-22,Gold
BM-C00537,Reyansh,Singh,Lucknow,Uttar Pradesh,2021-09-03,Silver
BM-C00538,Ananya,Iyer,Kolkata,West Bengal,2024-11-29,Platinum
BM-C00539,Ayaan,Patel,Lucknow,Uttar Pradesh,2022-03-14,Gold
BM-C00540,Diya,Verma,Kolkata,West Bengal,2023-10-18,Silver
BM-C00541,Navya,Gupta,Lucknow,Uttar Pradesh,2024-10-19,Bronze
BM-C00542,Reyansh,Singh,Ahmedabad,Gujarat,2021-06-24,Bronze
BM-C00543,Pari,Gupta,Kolkata,West Bengal,2024-05-21,Gold
BM-C00544,Krishna,Gupta,Hyderabad,Telangana,2022-08-07,Platinum
BM-C00545,Myra,Mehta,Delhi,Delhi,2023-01-28,Platinum
BM-C00546,Anika,Nair,Jaipur,Rajasthan,2023-08-17,Bronze
BM-C00547,Navya,Mehta,Pune,Maharashtra,2024-06-05,Bronze
BM-C00548,Ayaan,Patel,Delhi,Delhi,2020-05-31,Bronze
BM-C00549,Aadhya,Patel,Lucknow,Uttar Pradesh,2022-08-30,Bronze
BM-C00550,Vihaan,Iyer,Mumbai,Maharashtra,2020-11-20,Silver
BM-C00551,Diya,Nair,Ahmedabad,Gujarat,2022-12-09,Silver
BM-C00552,Aarav,Singh,Pune,Maharashtra,2019-11-21,Gold
BM-C00553,Aditya,Verma,Kolkata,West Bengal,2020-03-16,Gold
BM-C00554,Ananya,Singh,Chennai,Tamil Nadu,2020-10-04,Platinum
BM-C00555,Pari,Verma,Pune,Maharashtra,2022-09-23,Platinum
BM-C00556,Aditya,Iyer,Pune,Maharashtra,2019-05-19,Bronze
BM-C00557,Ananya,Verma,Mumbai,Maharashtra,2024-10-04,Silver
BM-C00558,Anika,Gupta,Hyderabad,Telangana,2023-09-11,Silver
BM-C00559,Navya,Nair,Pune,Maharashtra,2022-12-06,Silver
BM-C00560,Sai,Gupta,Kolkata,West Bengal,2024-06-12,Platinum
BM-C00561,Aarav,Mehta,Kolkata,West Bengal,2020-09-05,Platinum
BM-C00562,Saanvi,Nair,Lucknow,Uttar Pradesh,2019-01-14,Silver
BM-C00563,Krishna,Verma,Hyderabad,Telangana,2023-11-29,Bronze
BM-C00564,Sai,Patel,Jaipur,Rajasthan,2021-10-09,Silver
BM-C00565,Vihaan,Iyer,Ahmedabad,Gujarat,2024-09-14,Platinum
BM-C00566,Ananya,Mehta,Jaipur,Rajasthan,2022-04-22,Platinum
BM-C00567,Vihaan,Patel,Lucknow,Uttar Pradesh,2021-12-29,Platinum
BM-C00568,Sai,Iyer,Lucknow,Uttar Pradesh,2024-03-24,Bronze
BM-C00569,Ananya,Verma,Bengaluru,Karnataka,2021-01-11,Gold
BM-C00570,Sai,Patel,Delhi,Delhi,2024-11-24,Silver
BM-C00571,Aadhya,Nair,Jaipur,Rajasthan,2024-01-28,Silver
BM-C00572,Aadhya,Nair,Lucknow,Uttar Pradesh,2020-07-31,Platinum
BM-C00573,Sai,Rao,Jaipur,Rajasthan,2020-06-02,Platinum
BM-C00574,Arjun,Gupta,Chennai,Tamil Nadu,2021-09-04,Platinum
BM-C00575,Vivaan,Patel,Lucknow,Uttar Pradesh,2019-01-30,Platinum
BM-C00576,Reyansh,Nair,Bengaluru,Karnataka,2023-10-11,Platinum
BM-C00577,Pari,Nair,Kolkata,West Bengal,2022-10-10,Platinum
BM-C00578,Aditya,Mehta,Bengaluru,Karnataka,2019-04-06,Silver
BM-C00579,Vivaan,Iyer,Chennai,Tamil Nadu,2020-11-29,Gold
BM-C00580,Myra,Mehta,Bengaluru,Karnataka,2023-03-19,Bronze
BM-C00581,Vihaan,Iyer,Lucknow,Uttar Pradesh,2023-08-15,Gold
BM-C00582,Vivaan,Singh,Jaipur,Rajasthan,2023-08-25,Silver
BM-C00583,Vihaan,Reddy,Kolkata,West Bengal,2021-07-13,Bronze
BM-C00584,Krishna,Patel,Ahmedabad,Gujarat,2019-09-28,Platinum
BM-C00585,Ayaan,Reddy,Delhi,Delhi,2024-01-01,Gold
BM-C00586,Saanvi,Gupta,Lucknow,Uttar Pradesh,2024-03-29,Silver
BM-C00587,Reyansh,Sharma,Hyderabad,Telangana,2023-11-07,Gold
BM-C00588,Krishna,Mehta,Jaipur,Rajasthan,2023-08-01,Silver
BM-C00589,Ishaan,Iyer,Pune,Maharashtra,2023-11-15,Gold
BM-C00590,Vihaan,Gupta,Jaipur,Rajasthan,2022-07-02,Bronze
BM-C00591,Arjun,Gupta,Chennai,Tamil Nadu,2021-02-14,Silver
BM-C00592,Ayaan,Nair,Pune,Maharashtra,2023-03-01,Silver
BM-C00593,Krishna,Nair,Lucknow,Uttar Pradesh,2022-03-11,Platinum
BM-C00594,Aditya,Nair,Delhi,Delhi,2023-05-21,Gold
BM-C00595,Myra,Singh,Pune,Maharashtra,2021-10-13,Bronze
BM-C00596,Myra,Patel,Delhi,Delhi,2019-07-16,Platinum
BM-C00597,Saanvi,Reddy,Hyderabad,Telangana,2023-03-18,Gold
BM-C00598,Ishaan,Patel,Pune,Maharashtra,2023-08-28,Silver
BM-C00599,Pari,Patel,Lucknow,Uttar Pradesh,2024-10-21,Bronze
BM-C00600,Vihaan,Singh,Mumbai,Maharashtra,2019-02-20,Bronze
BM-C00601,Myra,Singh,Bengaluru,Karnataka,2019-01-03,Platinum
BM-C00602,Arjun,Iyer,Hyderabad,Telangana,2020-05-08,Gold
BM-C00603,Diya,Iyer,Delhi,Delhi,2019-09-14,Gold
BM-C00604,Vivaan,Nair,Bengaluru,Karnataka,2024-04-27,Gold
BM-C00605,Saanvi,Verma,Hyderabad,Telangana,2024-12-26,Bronze
BM-C00606,Reyansh,Singh,Mumbai,Maharashtra,2019-08-31,Silver
BM-C00607,Ayaan,Rao,Lucknow,Uttar Pradesh,2024-10-13,Platinum
BM-C00608,Aarav,Patel,Mumbai,Maharashtra,2020-01-10,Platinum
BM-C00609,Pari,Verma,Bengaluru,Karnataka,2020-12-12,Platinum
BM-C00610,Vihaan,Verma,Delhi,Delhi,2021-08-31,Gold
BM-C00611,Arjun,Nair,Chennai,Tamil Nadu,2020-02-18,Silver
BM-C00612,Anika,Mehta,Delhi,Delhi,2019-01-27,Silver
BM-C00613,Diya,Reddy,Ahmedabad,Gujarat,2024-05-05,Silver
BM-C00614,Ira,Singh,Kolkata,West Bengal,2020-11-05,Bronze
BM-C00615,Arjun,Verma,Delhi,Delhi,2024-01-06,Platinum
BM-C00616,Saanvi,Patel,Pune,Maharashtra,2020-03-10,Silver
BM-C00617,Aditya,Reddy,Chennai,Tamil Nadu,2023-09-16,Gold
BM-C00618,Ishaan,Reddy,Mumbai,Maharashtra,2023-05-28,Silver
BM-C00619,Ishaan,Sharma,Kolkata,West Bengal,2021-01-13,Platinum
BM-C00620,Vihaan,Reddy,Kolkata,West Bengal,2023-04-02,Bronze
BM-C00621,Aarav,Patel,Jaipur,Rajasthan,2021-09-10,Silver
BM-C00622,Riya,Nair,Kolkata,West Bengal,2022-02-09,Silver
BM-C00623,Aditya,Sharma,Ahmedabad,Gujarat,2023-12-30,Bronze
BM-C00624,Krishna,Reddy,Mumbai,Maharashtra,2019-05-04,Bronze
BM-C00625,Anika,Iyer,Kolkata,West Bengal,2024-05-06,Platinum
BM-C00626,Aadhya,Verma,Kolkata,West Bengal,2024-06-13,Silver
BM-C00627,Aditya,Iyer,Chennai,Tamil Nadu,2019-09-03,Silver
BM-C00628,Navya,Patel,Bengaluru,Karnataka,2022-04-28,Bronze
BM-C00629,Saanvi,Reddy,Chennai,Tamil Nadu,2019-06-29,Silver
BM-C00630,Saanvi,Verma,Delhi,Delhi,2022-11-09,Bronze
BM-C00631,Sai,Verma,Chennai,Tamil Nadu,2019-02-09,Silver
BM-C00632,Sai,Singh,Mumbai,Maharashtra,2021-12-13,Gold
BM-C00633,Diya,Gupta,Bengaluru,Karnataka,2021-04-15,Bronze
BM-C00634,Ananya,Nair,Mumbai,Maharashtra,2021-04-25,Bronze
BM-C00635,Riya,Verma,Chennai,Tamil Nadu,2023-03-22,Platinum
BM-C00636,Diya,Sharma,Jaipur,Rajasthan,2023-04-02,Silver
BM-C00637,Sai,Iyer,Pune,Maharashtra,2019-11-16,Bronze
BM-C00638,Anika,Sharma,Hyderabad,Telangana,2019-05-17,Bronze
BM-C00639,Vivaan,Singh,Hyderabad,Telangana,2022-02-04,Platinum
BM-C00640,Sai,Sharma,Bengaluru,Karnataka,2023-09-14,Platinum
BM-C00641,Ananya,Reddy,Hyderabad,Telangana,2022-07-17,Gold
BM-C00642,Aditya,Mehta,Chennai,Tamil Nadu,2022-03-04,Bronze
BM-C00643,Vivaan,Gupta,Jaipur,Rajasthan,2020-11-24,Bronze
BM-C00644,Aditya,Singh,Kolkata,West Bengal,2021-05-27,Gold
BM-C00645,Aditya,Rao,Pune,Maharashtra,2022-11-20,Bronze
BM-C00646,Reyansh,Iyer,Pune,Maharashtra,2023-10-18,Gold
BM-C00647,Ayaan,Singh,Lucknow,Uttar Pradesh,2022-02-18,Platinum
BM-C00648,Navya,Reddy,Hyderabad,Telangana,2020-04-12,Bronze
BM-C00649,Aarav,Reddy,Kolkata,West Bengal,2023-08-10,Gold
BM-C00650,Ananya,Sharma,Mumbai,Maharashtra,2024-08-04,Platinum
BM-C00651,Vihaan,Reddy,Chennai,Tamil Nadu,2023-07-05,Silver
BM-C00652,Pari,Sharma,Kolkata,West Bengal,2020-03-18,Gold
BM-C00653,Vivaan,Reddy,Delhi,Delhi,2023-06-03,Platinum
BM-C00654,Myra,Verma,Pune,Maharashtra,2023-12-10,Bronze
BM-C00655,Arjun,Nair,Jaipur,Rajasthan,2019-08-21,Bronze
BM-C00656,Arjun,Reddy,Kolkata,West Bengal,2021-06-25,Gold
BM-C00657,Aadhya,Patel,Pune,Maharashtra,2021-09-15,Platinum
BM-C00658,Ayaan,Verma,Chennai,Tamil Nadu,2020-09-21,Silver
BM-C00659,Vihaan,Gupta,Lucknow,Uttar Pradesh,2019-11-25,Silver
BM-C00660,Myra,Patel,Ahmedabad,Gujarat,2022-06-16,Bronze
BM-C00661,Diya,Reddy,Jaipur,Rajasthan,2022-11-05,Gold
BM-C00662,Krishna,Verma,Ahmedabad,Gujarat,2019-10-08,Silver
BM-C00663,Ira,Sharma,Chennai,Tamil Nadu,2020-10-30,Gold
BM-C00664,Aditya,Reddy,Bengaluru,Karnataka,2022-01-10,Platinum
BM-C00665,Vivaan,Iyer,Jaipur,Rajasthan,2021-03-19,Silver
BM-C00666,Aadhya,Singh,Mumbai,Maharashtra,2023-09-24,Silver
BM-C00667,Myra,Verma,Delhi,Delhi,2020-03-10,Bronze
BM-C00668,Vivaan,Reddy,Mumbai,Maharashtra,2020-02-11,Silver
BM-C00669,Diya,Verma,Kolkata,West Bengal,2023-12-15,Gold
BM-C00670,Aarav,Verma,Delhi,Delhi,2020-09-06,Platinum
BM-C00671,Aditya,Patel,Bengaluru,Karnataka,2020-01-16,Bronze
BM-C00672,Vivaan,Gupta,Ahmedabad,Gujarat,2023-11-18,Platinum
BM-C00673,Pari,Sharma,Kolkata,West Bengal,2022-04-04,Platinum
BM-C00674,Diya,Reddy,Bengaluru,Karnataka,2020-08-04,Gold
BM-C00675,Myra,Gupta,Chennai,Tamil Nadu,2019-04-18,Silver
BM-C00676,Pari,Nair,Chennai,Tamil Nadu,2023-09-07,Platinum
BM-C00677,Aditya,Iyer,Mumbai,Maharashtra,2022-04-04,Silver
BM-C00678,Reyansh,Rao,Kolkata,West Bengal,2021-02-13,Bronze
BM-C00679,Diya,Singh,Kolkata,West Bengal,2023-08-19,Platinum
BM-C00680,Riya,Rao,Pune,Maharashtra,2021-09-26,Platinum
BM-C00681,Sai,Sharma,Chennai,Tamil Nadu,2021-09-17,Silver
BM-C00682,Krishna,Sharma,Mumbai,Maharashtra,2023-01-05,Gold
BM-C00683,Ayaan,Gupta,Lucknow,Uttar Pradesh,2019-11-08,Silver
BM-C00684,Krishna,Rao,Hyderabad,Telangana,2019-06-23,Silver
BM-C00685,Aadhya,Patel,Lucknow,Uttar Pradesh,2020-06-23,Silver
BM-C00686,Riya,Patel,Hyderabad,Telangana,2024-12-07,Gold
BM-C00687,Aarav,Patel,Lucknow,Uttar Pradesh,2023-10-30,Silver
BM-C00688,Reyansh,Singh,Lucknow,Uttar Pradesh,2023-08-12,Gold
BM-C00689,Pari,Sharma,Bengaluru,Karnataka,2019-10-08,Bronze
BM-C00690,Ira,Reddy,Hyderabad,Telangana,2019-03-03,Platinum
BM-C00691,Ananya,Mehta,Mumbai,Maharashtra,2020-09-17,Silver
BM-C00692,Sai,Patel,Pune,Maharashtra,2019-07-05,Bronze
BM-C00693,Riya,Gupta,Bengaluru,Karnataka,2019-12-11,Gold
BM-C00694,Diya,Nair,Delhi,Delhi,2023-12-26,Bronze
BM-C00695,Ishaan,Patel,Pune,Maharashtra,2020-02-28,Silver
BM-C00696,Pari,Patel,Kolkata,West Bengal,2020-06-25,Gold
BM-C00697,Riya,Gupta,Hyderabad,Telangana,2022-03-21,Gold
BM-C00698,Arjun,Gupta,Chennai,Tamil Nadu,2019-01-06,Platinum
BM-C00699,Vivaan,Gupta,Lucknow,Uttar Pradesh,2024-02-15,Gold
BM-C00700,Ayaan,Mehta,Lucknow,Uttar Pradesh,2019-11-20,Platinum
BM-C00701,Ananya,Verma,Bengaluru,Karnataka,2021-01-09,Gold
BM-C00702,Sai,Verma,Pune,Maharashtra,2024-09-12,Gold
BM-C00703,Aarav,Iyer,Ahmedabad,Gujarat,2020-10-13,Silver
BM-C00704,Diya,Iyer,Delhi,Delhi,2019-12-02,Bronze
BM-C00705,Aadhya,Singh,Mumbai,Maharashtra,2022-07-27,Silver
BM-C00706,Pari,Nair,Kolkata,West Bengal,2021-12-27,Platinum
BM-C00707,Pari,Mehta,Delhi,Delhi,2024-07-15,Silver
BM-C00708,Myra,Verma,Bengaluru,Karnataka,2019-04-14,Gold
BM-C00709,Ananya,Iyer,Mumbai,Maharashtra,2019-11-22,Bronze
BM-C00710,Sai,Nair,Pune,Maharashtra,2020-05-14,Bronze
BM-C00711,Aditya,Patel,Jaipur,Rajasthan,2024-01-20,Platinum
BM-C00712,Saanvi,Gupta,Mumbai,Maharashtra,2024-03-01,Platinum
BM-C00713,Vivaan,Verma,Bengaluru,Karnataka,2021-10-25,Silver
BM-C00714,Saanvi,Rao,Hyderabad,Telangana,2023-08-06,Gold
BM-C00715,Ishaan,Reddy,Chennai,Tamil Nadu,2019-10-26,Bronze
BM-C00716,Riya,Rao,Kolkata,West Bengal,2023-03-06,Silver
BM-C00717,Diya,Sharma,Mumbai,Maharashtra,2022-08-21,Bronze
BM-C00718,Ira,Singh,Chennai,Tamil Nadu,2020-09-12,Bronze
BM-C00719,Reyansh,Gupta,Mumbai,Maharashtra,2024-06-05,Gold
BM-C00720,Pari,Verma,Delhi,Delhi,2021-08-16,Platinum
BM-C00721,Pari,Iyer,Ahmedabad,Gujarat,2019-10-11,Platinum
BM-C00722,Diya,Nair,Bengaluru,Karnataka,2022-02-21,Silver
BM-C00723,Vivaan,Iyer,Ahmedabad,Gujarat,2022-09-28,Platinum
BM-C00724,Ayaan,Iyer,Chennai,Tamil Nadu,2023-10-20,Bronze
BM-C00725,Vihaan,Verma,Bengaluru,Karnataka,2024-09-06,Gold
BM-C00726,Saanvi,Mehta,Jaipur,Rajasthan,2020-12-07,Bronze
BM-C00727,Anika,Nair,Kolkata,West Bengal,2023-07-22,Platinum
BM-C00728,Ayaan,Singh,Lucknow,Uttar Pradesh,2021-07-17,Bronze
BM-C00729,Vivaan,Rao,Kolkata,West Bengal,2023-11-10,Silver
BM-C00730,Myra,Gupta,Delhi,Delhi,2020-06-03,Silver
BM-C00731,Arjun,Sharma,Hyderabad,Telangana,2022-08-08,Bronze
BM-C00732,Reyansh,Gupta,Kolkata,West Bengal,2024-01-23,Gold
BM-C00733,Aditya,Verma,Pune,Maharashtra,2022-04-20,Platinum
BM-C00734,Ananya,Iyer,Jaipur,Rajasthan,2023-06-03,Platinum
BM-C00735,Ira,Mehta,Mumbai,Maharashtra,2023-06-12,Platinum
BM-C00736,Saanvi,Gupta,Delhi,Delhi,2020-04-05,Bronze
BM-C00737,Riya,Verma,Delhi,Delhi,2021-06-07,Gold
BM-C00738,Krishna,Nair,Kolkata,West Bengal,2024-07-27,Platinum
BM-C00739,Ira,Singh,Lucknow,Uttar Pradesh,2019-04-27,Silver
BM-C00740,Aadhya,Gupta,Chennai,Tamil Nadu,2024-04-04,Platinum
BM-C00741,Aadhya,Patel,Mumbai,Maharashtra,2024-11-15,Silver
BM-C00742,Pari,Iyer,Mumbai,Maharashtra,2022-03-03,Bronze
BM-C00743,Ishaan,Iyer,Pune,Maharashtra,2021-05-21,Platinum
BM-C00744,Ayaan,Gupta,Delhi,Delhi,2021-07-22,Platinum
BM-C00745,Krishna,Nair,Pune,Maharashtra,2024-02-23,Bronze
BM-C00746,Myra,Reddy,Hyderabad,Telangana,2022-06-19,Platinum
BM-C00747,Diya,Sharma,Jaipur,Rajasthan,2023-05-20,Silver
BM-C00748,Ishaan,Rao,Delhi,Delhi,2022-06-07,Silver
BM-C00749,Riya,Sharma,Jaipur,Rajasthan,2020-06-23,Silver
BM-C00750,Vivaan,Reddy,Hyderabad,Telangana,2019-04-13,Platinum
BM-C00751,Diya,Reddy,Mumbai,Maharashtra,2021-05-01,Gold
BM-C00752,Anika,Nair,Ahmedabad,Gujarat,2024-05-28,Bronze
BM-C00753,Ayaan,Patel,Mumbai,Maharashtra,2023-02-27,Platinum
BM-C00754,Pari,Mehta,Bengaluru,Karnataka,2023-09-09,Gold
BM-C00755,Sai,Iyer,Pune,Maharashtra,2024-11-10,Bronze
BM-C00756,Aarav,Nair,Chennai,Tamil Nadu,2019-06-04,Silver
BM-C00757,Reyansh,Reddy,Lucknow,Uttar Pradesh,2024-07-04,Silver
BM-C00758,Krishna,Nair,Hyderabad,Telangana,2023-05-14,Bronze
BM-C00759,Pari,Gupta,Mumbai,Maharashtra,2024-07-04,Silver
BM-C00760,Aarav,Reddy,Lucknow,Uttar Pradesh,2021-02-23,Gold
BM-C00761,Saanvi,Nair,Chennai,Tamil Nadu,2021-12-19,Platinum
BM-C00762,Reyansh,Singh,Chennai,Tamil Nadu,2021-07-27,Platinum
BM-C00763,Vihaan,Sharma,Lucknow,Uttar Pradesh,2023-05-09,Gold
BM-C00764,Ira,Mehta,Jaipur,Rajasthan,2021-05-28,Gold
BM-C00765,Pari,Verma,Delhi,Delhi,2021-11-10,Gold
BM-C00766,Krishna,Iyer,Pune,Maharashtra,2024-07-31,Gold
BM-C00767,Arjun,Rao,Hyderabad,Telangana,2021-01-16,Bronze
BM-C00768,Aadhya,Patel,Lucknow,Uttar Pradesh,2024-10-16,Silver
BM-C00769,Pari,Iyer,Mumbai,Maharashtra,2021-03-17,Platinum
BM-C00770,Aadhya,Sharma,Kolkata,West Bengal,2023-12-17,Silver
BM-C00771,Ayaan,Rao,Pune,Maharashtra,2024-06-06,Platinum
BM-C00772,Anika,Iyer,Pune,Maharashtra,2020-06-12,Silver
BM-C00773,Vihaan,Singh,Chennai,Tamil Nadu,2020-02-02,Gold
BM-C00774,Sai,Patel,Jaipur,Rajasthan,2024-07-26,Bronze
BM-C00775,Diya,Reddy,Hyderabad,Telangana,2021-08-12,Platinum
BM-C00776,Diya,Iyer,Pune,Maharashtra,2023-12-25,Gold
BM-C00777,Vihaan,Singh,Ahmedabad,Gujarat,2019-06-16,Bronze
BM-C00778,Reyansh,Rao,Ahmedabad,Gujarat,2020-01-08,Platinum
BM-C00779,Ishaan,Nair,Jaipur,Rajasthan,2019-06-17,Silver
BM-C00780,Reyansh,Patel,Bengaluru,Karnataka,2022-06-25,Platinum
BM-C00781,Ananya,Gupta,Bengaluru,Karnataka,2019-09-09,Platinum
BM-C00782,Sai,Patel,Pune,Maharashtra,2024-05-25,Bronze
BM-C00783,Myra,Iyer,Mumbai,Maharashtra,2020-10-12,Silver
BM-C00784,Sai,Singh,Lucknow,Uttar Pradesh,2019-10-01,Silver
BM-C00785,Saanvi,Nair,Lucknow,Uttar Pradesh,2022-06-07,Platinum
BM-C00786,Aadhya,Sharma,Ahmedabad,Gujarat,2019-04-28,Silver
BM-C00787,Aarav,Patel,Pune,Maharashtra,2023-07-08,Silver
BM-C00788,Aarav,Reddy,Mumbai,Maharashtra,2020-12-03,Gold
BM-C00789,Arjun,Verma,Chennai,Tamil Nadu,2022-04-06,Gold
BM-C00790,Aditya,Sharma,Bengaluru,Karnataka,2021-07-15,Gold
BM-C00791,Anika,Mehta,Ahmedabad,Gujarat,2023-06-17,Gold
BM-C00792,Arjun,Patel,Kolkata,West Bengal,2023-03-03,Gold
BM-C00793,Sai,Nair,Hyderabad,Telangana,2019-03-01,Silver
BM-C00794,Arjun,Reddy,Hyderabad,Telangana,2019-03-10,Silver
BM-C00795,Diya,Sharma,Delhi,Delhi,2022-03-11,Gold
BM-C00796,Ira,Sharma,Jaipur,Rajasthan,2024-01-20,Bronze
BM-C00797,Aarav,Sharma,Delhi,Delhi,2024-11-12,Bronze
BM-C00798,Myra,Nair,Kolkata,West Bengal,2020-01-19,Gold
BM-C00799,Arjun,Reddy,Ahmedabad,Gujarat,2024-11-29,Bronze
BM-C00800,Saanvi,Verma,Chennai,Tamil Nadu,2024-08-20,Gold
BM-C00801,Ira,Gupta,Lucknow,Uttar Pradesh,2022-07-25,Bronze
BM-C00802,Ira,Verma,Jaipur,Rajasthan,2021-05-28,Bronze
BM-C00803,Pari,Reddy,Delhi,Delhi,2024-03-07,Silver
BM-C00804,Anika,Reddy,Chennai,Tamil Nadu,2022-01-17,Platinum
BM-C00805,Sai,Sharma,Chennai,Tamil Nadu,2023-08-31,Platinum
BM-C00806,Pari,Patel,Hyderabad,Telangana,2020-12-29,Bronze
BM-C00807,Aditya,Verma,Mumbai,Maharashtra,2023-11-19,Platinum
BM-C00808,Aditya,Rao,Bengaluru,Karnataka,2019-08-22,Bronze
BM-C00809,Ayaan,Singh,Chennai,Tamil Nadu,2021-07-08,Gold
BM-C00810,Vivaan,Verma,Ahmedabad,Gujarat,2020-06-26,Bronze
BM-C00811,Diya,Patel,Chennai,Tamil Nadu,2022-08-16,Bronze
BM-C00812,Vivaan,Sharma,Delhi,Delhi,2020-03-05,Silver
BM-C00813,Diya,Singh,Pune,Maharashtra,2024-04-15,Gold
BM-C00814,Diya,Patel,Delhi,Delhi,2020-07-22,Bronze
BM-C00815,Aadhya,Singh,Kolkata,West Bengal,2021-04-24,Platinum
BM-C00816,Saanvi,Gupta,Ahmedabad,Gujarat,2019-12-18,Silver
BM-C00817,Sai,Verma,Mumbai,Maharashtra,2022-07-16,Platinum
BM-C00818,Myra,Gupta,Lucknow,Uttar Pradesh,2024-03-14,Platinum
BM-C00819,Ira,Sharma,Pune,Maharashtra,2024-10-27,Silver
BM-C00820,Pari,Verma,Ahmedabad,Gujarat,2022-07-01,Platinum
BM-C00821,Aditya,Iyer,Mumbai,Maharashtra,2024-07-27,Gold
BM-C00822,Anika,Mehta,Mumbai,Maharashtra,2023-10-22,Silver
BM-C00823,Anika,Rao,Pune,Maharashtra,2024-11-08,Bronze
BM-C00824,Ayaan,Singh,Kolkata,West Bengal,2021-12-10,Platinum
BM-C00825,Navya,Mehta,Bengaluru,Karnataka,2019-06-19,Bronze
BM-C00826,Anika,Singh,Bengaluru,Karnataka,2023-03-21,Silver
BM-C00827,Pari,Patel,Delhi,Delhi,2021-01-18,Gold
BM-C00828,Vivaan,Rao,Chennai,Tamil Nadu,2020-11-22,Platinum
BM-C00829,Ayaan,Verma,Kolkata,West Bengal,2022-11-27,Platinum
BM-C00830,Myra,Verma,Lucknow,Uttar Pradesh,2023-03-29,Platinum
BM-C00831,Vihaan,Singh,Pune,Maharashtra,2024-07-22,Bronze
BM-C00832,Aadhya,Nair,Delhi,Delhi,2019-04-22,Bronze
BM-C00833,Ira,Mehta,Delhi,Delhi,2024-06-03,Gold
BM-C00834,Navya,Reddy,Jaipur,Rajasthan,2024-07-26,Platinum
BM-C00835,Diya,Sharma,Pune,Maharashtra,2020-11-23,Platinum
BM-C00836,Navya,Mehta,Pune,Maharashtra,2024-02-07,Platinum
BM-C00837,Myra,Verma,Pune,Maharashtra,2019-10-30,Silver
BM-C00838,Ananya,Patel,Mumbai,Maharashtra,2024-05-22,Gold
BM-C00839,Anika,Patel,Jaipur,Rajasthan,2024-12-21,Bronze
BM-C00840,Sai,Singh,Mumbai,Maharashtra,2020-03-12,Platinum
BM-C00841,Krishna,Mehta,Delhi,Delhi,2020-08-31,Silver
BM-C00842,Aadhya,Reddy,Delhi,Delhi,2022-11-20,Silver
BM-C00843,Vihaan,Nair,Pune,Maharashtra,2019-05-25,Bronze
BM-C00844,Myra,Mehta,Ahmedabad,Gujarat,2023-04-16,Silver
BM-C00845,Aarav,Rao,Ahmedabad,Gujarat,2019-05-31,Platinum
BM-C00846,Pari,Rao,Lucknow,Uttar Pradesh,2020-07-04,Silver
BM-C00847,Vihaan,Nair,Bengaluru,Karnataka,2024-08-04,Gold
BM-C00848,Aadhya,Nair,Jaipur,Rajasthan,2024-03-07,Silver
BM-C00849,Aadhya,Patel,Chennai,Tamil Nadu,2021-07-02,Platinum
BM-C00850,Arjun,Nair,Bengaluru,Karnataka,2024-02-15,Gold
BM-C00851,Ananya,Rao,Jaipur,Rajasthan,2024-05-19,Silver
BM-C00852,Reyansh,Mehta,Hyderabad,Telangana,2021-06-21,Gold
BM-C00853,Sai,Rao,Bengaluru,Karnataka,2023-08-13,Gold
BM-C00854,Diya,Rao,Delhi,Delhi,2023-02-01,Platinum
BM-C00855,Ishaan,Nair,Jaipur,Rajasthan,2019-02-09,Bronze
BM-C00856,Aadhya,Gupta,Mumbai,Maharashtra,2019-06-14,Bronze
BM-C00857,Krishna,Gupta,Hyderabad,Telangana,2021-06-09,Gold
BM-C00858,Vivaan,Iyer,Bengaluru,Karnataka,2020-09-25,Bronze
BM-C00859,Myra,Verma,Pune,Maharashtra,2024-03-29,Silver
BM-C00860,Aadhya,Reddy,Jaipur,Rajasthan,2023-05-07,Gold
BM-C00861,Aadhya,Nair,Mumbai,Maharashtra,2022-07-18,Gold
BM-C00862,Vivaan,Sharma,Jaipur,Rajasthan,2021-02-19,Silver
BM-C00863,Myra,Reddy,Lucknow,Uttar Pradesh,2024-05-23,Gold
BM-C00864,Navya,Mehta,Lucknow,Uttar Pradesh,2020-09-02,Silver
BM-C00865,Myra,Gupta,Chennai,Tamil Nadu,2024-10-21,Bronze
BM-C00866,Sai,Rao,Bengaluru,Karnataka,2020-01-06,Platinum
BM-C00867,Saanvi,Iyer,Mumbai,Maharashtra,2023-09-26,Gold
BM-C00868,Sai,Mehta,Bengaluru,Karnataka,2021-03-03,Bronze
BM-C00869,Myra,Gupta,Pune,Maharashtra,2019-05-05,Silver
BM-C00870,Ira,Sharma,Pune,Maharashtra,2024-04-26,Gold
BM-C00871,Riya,Rao,Ahmedabad,Gujarat,2022-01-17,Bronze
BM-C00872,Anika,Reddy,Pune,Maharashtra,2020-07-25,Bronze
BM-C00873,Sai,Nair,Jaipur,Rajasthan,2023-08-15,Platinum
BM-C00874,Diya,Reddy,Delhi,Delhi,2020-10-24,Gold
BM-C00875,Diya,Iyer,Pune,Maharashtra,2020-11-09,Platinum
BM-C00876,Aarav,Verma,Jaipur,Rajasthan,2024-09-09,Gold
BM-C00877,Ayaan,Mehta,Ahmedabad,Gujarat,2024-04-13,Silver
BM-C00878,Ananya,Nair,Mumbai,Maharashtra,2019-12-19,Platinum
BM-C00879,Navya,Iyer,Chennai,Tamil Nadu,2019-03-18,Gold
BM-C00880,Anika,Singh,Jaipur,Rajasthan,2023-02-21,Bronze
BM-C00881,Reyansh,Patel,Chennai,Tamil Nadu,2023-05-16,Bronze
BM-C00882,Sai,Rao,Delhi,Delhi,2023-07-15,Bronze
BM-C00883,Reyansh,Reddy,Delhi,Delhi,2024-10-30,Platinum
BM-C00884,Reyansh,Rao,Delhi,Delhi,2024-12-23,Platinum
BM-C00885,Arjun,Sharma,Delhi,Delhi,2022-11-27,Gold
BM-C00886,Aditya,Verma,Mumbai,Maharashtra,2019-06-18,Silver
BM-C00887,Navya,Verma,Chennai,Tamil Nadu,2023-11-22,Silver
BM-C00888,Saanvi,Nair,Chennai,Tamil Nadu,2022-11-02,Platinum
BM-C00889,Ananya,Sharma,Kolkata,West Bengal,2022-04-25,Bronze
BM-C00890,Aarav,Mehta,Jaipur,Rajasthan,2019-07-16,Bronze
BM-C00891,Diya,Rao,Delhi,Delhi,2019-11-26,Gold
BM-C00892,Ira,Verma,Chennai,Tamil Nadu,2021-05-24,Platinum
BM-C00893,Aadhya,Sharma,Kolkata,West Bengal,2023-01-12,Silver
BM-C00894,Ayaan,Gupta,Jaipur,Rajasthan,2022-04-29,Gold
BM-C00895,Ishaan,Patel,Bengaluru,Karnataka,2019-02-04,Silver
BM-C00896,Vivaan,Sharma,Delhi,Delhi,2023-11-15,Platinum
BM-C00897,Navya,Verma,Jaipur,Rajasthan,2021-08-04,Silver
BM-C00898,Reyansh,Nair,Pune,Maharashtra,2024-06-29,Silver
BM-C00899,Sai,Reddy,Bengaluru,Karnataka,2024-03-31,Gold
BM-C00900,Vihaan,Gupta,Hyderabad,Telangana,2024-09-15,Bronze
BM-C00901,Myra,Rao,Jaipur,Rajasthan,2019-08-16,Gold
BM-C00902,Krishna,Verma,Delhi,Delhi,2020-09-05,Platinum
BM-C00903,Diya,Gupta,Pune,Maharashtra,2024-09-16,Silver
BM-C00904,Ishaan,Mehta,Delhi,Delhi,2019-08-05,Silver
BM-C00905,Pari,Singh,Pune,Maharashtra,2021-10-17,Gold
BM-C00906,Arjun,Mehta,Lucknow,Uttar Pradesh,2023-10-28,Gold
BM-C00907,Saanvi,Gupta,Pune,Maharashtra,2019-01-16,Gold
BM-C00908,Ayaan,Nair,Hyderabad,Telangana,2021-05-09,Gold
BM-C00909,Ananya,Singh,Bengaluru,Karnataka,2022-12-09,Platinum
BM-C00910,Ishaan,Singh,Pune,Maharashtra,2023-09-10,Bronze
BM-C00911,Ira,Verma,Bengaluru,Karnataka,2021-05-21,Silver
BM-C00912,Reyansh,Iyer,Jaipur,Rajasthan,2024-04-30,Bronze
BM-C00913,Aarav,Rao,Delhi,Delhi,2024-05-16,Bronze
BM-C00914,Riya,Nair,Lucknow,Uttar Pradesh,2024-01-08,Silver
BM-C00915,Navya,Iyer,Mumbai,Maharashtra,2023-08-16,Platinum
BM-C00916,Diya,Nair,Bengaluru,Karnataka,2020-11-24,Gold
BM-C00917,Myra,Rao,Bengaluru,Karnataka,2023-05-05,Bronze
BM-C00918,Diya,Rao,Kolkata,West Bengal,2019-02-02,Silver
BM-C00919,Sai,Rao,Lucknow,Uttar Pradesh,2020-03-12,Platinum
BM-C00920,Sai,Mehta,Bengaluru,Karnataka,2023-10-24,Silver
BM-C00921,Diya,Sharma,Ahmedabad,Gujarat,2020-11-10,Platinum
BM-C00922,Aditya,Iyer,Hyderabad,Telangana,2022-02-21,Silver
BM-C00923,Reyansh,Rao,Mumbai,Maharashtra,2022-01-27,Platinum
BM-C00924,Myra,Sharma,Ahmedabad,Gujarat,2019-05-04,Gold
BM-C00925,Anika,Iyer,Delhi,Delhi,2021-03-29,Silver
BM-C00926,Aadhya,Patel,Kolkata,West Bengal,2023-12-31,Bronze
BM-C00927,Krishna,Nair,Jaipur,Rajasthan,2020-11-23,Platinum
BM-C00928,Diya,Singh,Pune,Maharashtra,2023-02-06,Bronze
BM-C00929,Arjun,Singh,Jaipur,Rajasthan,2020-05-29,Silver
BM-C00930,Anika,Iyer,Delhi,Delhi,2020-10-19,Silver
BM-C00931,Sai,Patel,Bengaluru,Karnataka,2024-02-14,Bronze
BM-C00932,Saanvi,Patel,Hyderabad,Telangana,2019-12-19,Platinum
BM-C00933,Pari,Reddy,Ahmedabad,Gujarat,2024-01-10,Silver
BM-C00934,Aarav,Reddy,Kolkata,West Bengal,2019-05-15,Silver
BM-C00935,Riya,Gupta,Lucknow,Uttar Pradesh,2020-02-23,Bronze
BM-C00936,Arjun,Sharma,Lucknow,Uttar Pradesh,2020-05-31,Gold
BM-C00937,Anika,Nair,Bengaluru,Karnataka,2024-02-06,Bronze
BM-C00938,Aditya,Reddy,Chennai,Tamil Nadu,2022-10-27,Platinum
BM-C00939,Sai,Reddy,Ahmedabad,Gujarat,2022-06-30,Silver
BM-C00940,Sai,Mehta,Lucknow,Uttar Pradesh,2024-08-11,Gold
BM-C00941,Ananya,Singh,Bengaluru,Karnataka,2024-01-28,Bronze
BM-C00942,Aadhya,Nair,Hyderabad,Telangana,2020-02-15,Bronze
BM-C00943,Reyansh,Rao,Mumbai,Maharashtra,2023-04-16,Platinum
BM-C00944,Ira,Verma,Bengaluru,Karnataka,2020-07-05,Platinum
BM-C00945,Ira,Sharma,Lucknow,Uttar Pradesh,2023-07-10,Bronze
BM-C00946,Pari,Gupta,Delhi,Delhi,2024-02-18,Bronze
BM-C00947,Anika,Nair,Kolkata,West Bengal,2022-02-24,Bronze
BM-C00948,Saanvi,Reddy,Jaipur,Rajasthan,2023-02-06,Platinum
BM-C00949,Riya,Mehta,Pune,Maharashtra,2019-10-31,Platinum
BM-C00950,Krishna,Singh,Bengaluru,Karnataka,2020-12-23,Bronze
BM-C00951,Ira,Rao,Chennai,Tamil Nadu,2022-06-23,Gold
BM-C00952,Aarav,Sharma,Hyderabad,Telangana,2023-12-01,Bronze
BM-C00953,Aarav,Nair,Jaipur,Rajasthan,2024-07-26,Silver
BM-C00954,Saanvi,Patel,Pune,Maharashtra,2019-11-28,Silver
BM-C00955,Riya,Iyer,Kolkata,West Bengal,2021-03-22,Platinum
BM-C00956,Diya,Mehta,Lucknow,Uttar Pradesh,2021-05-06,Platinum
BM-C00957,Saanvi,Rao,Hyderabad,Telangana,2023-09-29,Platinum
BM-C00958,Diya,Rao,Bengaluru,Karnataka,2023-09-21,Platinum
BM-C00959,Ishaan,Mehta,Chennai,Tamil Nadu,2021-12-05,Platinum
BM-C00960,Vihaan,Reddy,Bengaluru,Karnataka,2022-10-19,Silver
BM-C00961,Reyansh,Rao,Delhi,Delhi,2022-05-29,Gold
BM-C00962,Ira,Sharma,Jaipur,Rajasthan,2020-05-14,Platinum
BM-C00963,Aditya,Gupta,Mumbai,Maharashtra,2023-01-05,Platinum
BM-C00964,Aditya,Iyer,Delhi,Delhi,2020-11-20,Gold
BM-C00965,Ira,Sharma,Delhi,Delhi,2022-04-09,Platinum
BM-C00966,Anika,Iyer,Lucknow,Uttar Pradesh,2024-01-31,Bronze
BM-C00967,Pari,Singh,Bengaluru,Karnataka,2019-02-03,Silver
BM-C00968,Ishaan,Reddy,Jaipur,Rajasthan,2019-04-15,Silver
BM-C00969,Sai,Sharma,Lucknow,Uttar Pradesh,2022-01-22,Silver
BM-C00970,Sai,Verma,Mumbai,Maharashtra,2021-05-07,Platinum
BM-C00971,Aadhya,Nair,Pune,Maharashtra,2023-12-26,Silver
BM-C00972,Aarav,Verma,Jaipur,Rajasthan,2019-10-08,Gold
BM-C00973,Riya,Patel,Jaipur,Rajasthan,2021-12-15,Gold
BM-C00974,Ira,Reddy,Hyderabad,Telangana,2022-11-13,Platinum
BM-C00975,Aarav,Iyer,Lucknow,Uttar Pradesh,2020-06-27,Platinum
BM-C00976,Vihaan,Rao,Jaipur,Rajasthan,2019-08-13,Gold
BM-C00977,Vihaan,Rao,Pune,Maharashtra,2021-03-11,Gold
BM-C00978,Aadhya,Mehta,Ahmedabad,Gujarat,2023-02-11,Silver
BM-C00979,Myra,Singh,Pune,Maharashtra,2023-12-29,Bronze
BM-C00980,Vihaan,Iyer,Ahmedabad,Gujarat,2019-07-29,Platinum
BM-C00981,Ayaan,Patel,Hyderabad,Telangana,2022-07-05,Gold
BM-C00982,Navya,Sharma,Jaipur,Rajasthan,2024-12-17,Gold
BM-C00983,Ishaan,Verma,Hyderabad,Telangana,2022-05-24,Gold
BM-C00984,Navya,Gupta,Delhi,Delhi,2023-01-20,Gold
BM-C00985,Reyansh,Mehta,Pune,Maharashtra,2021-04-15,Silver
BM-C00986,Pari,Reddy,Hyderabad,Telangana,2020-12-30,Silver
BM-C00987,Reyansh,Reddy,Chennai,Tamil Nadu,2020-09-21,Silver
BM-C00988,Diya,Gupta,Lucknow,Uttar Pradesh,2019-11-28,Bronze
BM-C00989,Pari,Mehta,Delhi,Delhi,2019-01-21,Bronze
BM-C00990,Diya,Mehta,Ahmedabad,Gujarat,2021-09-06,Platinum
BM-C00991,Krishna,Singh,Lucknow,Uttar Pradesh,2020-07-22,Gold
BM-C00992,Ayaan,Mehta,Kolkata,West Bengal,2020-02-03,Bronze
BM-C00993,Saanvi,Singh,Jaipur,Rajasthan,2023-08-08,Bronze
BM-C00994,Diya,Nair,Jaipur,Rajasthan,2024-11-02,Silver
BM-C00995,Vihaan,Rao,Ahmedabad,Gujarat,2022-11-30,Gold
BM-C00996,Aarav,Reddy,Mumbai,Maharashtra,2022-03-24,Bronze
BM-C00997,Diya,Mehta,Pune,Maharashtra,2021-03-17,Silver
BM-C00998,Krishna,Reddy,Jaipur,Rajasthan,2021-04-17,Platinum
BM-C00999,Ananya,Patel,Lucknow,Uttar Pradesh,2020-07-25,Platinum
BM-C01000,Reyansh,Nair,Kolkata,West Bengal,2024-12-17,Gold
BM-C01001,Aadhya,Iyer,Pune,Maharashtra,2022-11-01,Silver
BM-C01002,Arjun,Mehta,Lucknow,Uttar Pradesh,2024-11-01,Silver
BM-C01003,Krishna,Reddy,Delhi,Delhi,2023-09-22,Platinum
BM-C01004,Reyansh,Gupta,Kolkata,West Bengal,2020-04-09,Platinum
BM-C01005,Sai,Nair,Mumbai,Maharashtra,2023-04-02,Silver
BM-C01006,Navya,Patel,Jaipur,Rajasthan,2023-02-20,Gold
BM-C01007,Navya,Mehta,Chennai,Tamil Nadu,2019-05-29,Platinum
BM-C01008,Sai,Sharma,Delhi,Delhi,2020-10-31,Gold
BM-C01009,Vihaan,Singh,Ahmedabad,Gujarat,2021-11-05,Gold
BM-C01010,Diya,Rao,Pune,Maharashtra,2023-09-29,Gold
BM-C01011,Aarav,Nair,Pune,Maharashtra,2020-01-12,Gold
BM-C01012,Reyansh,Mehta,Lucknow,Uttar Pradesh,2023-11-25,Silver
BM-C01013,Diya,Patel,Chennai,Tamil Nadu,2024-09-22,Platinum
BM-C01014,Aditya,Nair,Ahmedabad,Gujarat,2024-03-21,Gold
BM-C01015,Arjun,Gupta,Ahmedabad,Gujarat,2024-06-13,Gold
BM-C01016,Ira,Mehta,Kolkata,West Bengal,2022-06-11,Bronze
BM-C01017,Sai,Patel,Delhi,Delhi,2020-12-10,Gold
BM-C01018,Ishaan,Iyer,Pune,Maharashtra,2024-02-24,Platinum
BM-C01019,Myra,Patel,Chennai,Tamil Nadu,2023-12-29,Platinum
BM-C01020,Sai,Gupta,Kolkata,West Bengal,2019-03-13,Silver
BM-C01021,Krishna,Verma,Hyderabad,Telangana,2020-10-16,Silver
BM-C01022,Vihaan,Verma,Kolkata,West Bengal,2019-07-18,Platinum
BM-C01023,Vivaan,Sharma,Jaipur,Rajasthan,2022-05-18,Bronze
BM-C01024,Krishna,Mehta,Delhi,Delhi,2020-04-27,Bronze
BM-C01025,Ishaan,Reddy,Kolkata,West Bengal,2021-02-07,Gold
BM-C01026,Arjun,Gupta,Ahmedabad,Gujarat,2023-06-25,Silver
BM-C01027,Vivaan,Patel,Mumbai,Maharashtra,2021-10-07,Platinum
BM-C01028,Navya,Iyer,Ahmedabad,Gujarat,2023-09-01,Platinum
BM-C01029,Navya,Gupta,Bengaluru,Karnataka,2024-01-10,Platinum
BM-C01030,Saanvi,Rao,Lucknow,Uttar Pradesh,2024-06-10,Gold
BM-C01031,Pari,Rao,Pune,Maharashtra,2020-12-06,Bronze
BM-C01032,Ishaan,Patel,Ahmedabad,Gujarat,2022-07-04,Gold
BM-C01033,Ishaan,Sharma,Bengaluru,Karnataka,2019-01-01,Silver
BM-C01034,Ishaan,Singh,Pune,Maharashtra,2023-07-21,Bronze
BM-C01035,Pari,Iyer,Ahmedabad,Gujarat,2019-01-29,Platinum
BM-C01036,Ira,Reddy,Chennai,Tamil Nadu,2019-01-23,Gold
BM-C01037,Saanvi,Rao,Hyderabad,Telangana,2022-09-20,Platinum
BM-C01038,Sai,Nair,Hyderabad,Telangana,2022-03-21,Silver
BM-C01039,Aditya,Nair,Chennai,Tamil Nadu,2024-04-26,Silver
BM-C01040,Ira,Iyer,Jaipur,Rajasthan,2021-06-03,Gold
BM-C01041,Reyansh,Verma,Kolkata,West Bengal,2020-07-20,Silver
BM-C01042,Vihaan,Singh,Chennai,Tamil Nadu,2024-04-03,Platinum
BM-C01043,Ira,Singh,Chennai,Tamil Nadu,2020-08-06,Gold
BM-C01044,Arjun,Sharma,Mumbai,Maharashtra,2023-07-21,Bronze
BM-C01045,Vihaan,Iyer,Bengaluru,Karnataka,2021-04-16,Silver
BM-C01046,Aarav,Reddy,Ahmedabad,Gujarat,2019-10-08,Silver
BM-C01047,Pari,Reddy,Mumbai,Maharashtra,2021-11-28,Platinum
BM-C01048,Pari,Patel,Chennai,Tamil Nadu,2022-12-11,Bronze
BM-C01049,Aditya,Gupta,Pune,Maharashtra,2019-06-24,Gold
BM-C01050,Aditya,Rao,Kolkata,West Bengal,2022-12-31,Silver
BM-C01051,Krishna,Nair,Hyderabad,Telangana,2019-02-09,Bronze
BM-C01052,Aadhya,Singh,Hyderabad,Telangana,2021-02-06,Bronze
BM-C01053,Myra,Verma,Hyderabad,Telangana,2023-06-08,Silver
BM-C01054,Aadhya,Iyer,Ahmedabad,Gujarat,2021-09-30,Silver
BM-C01055,Navya,Rao,Mumbai,Maharashtra,2020-01-15,Gold
BM-C01056,Ishaan,Reddy,Ahmedabad,Gujarat,2022-01-24,Bronze
BM-C01057,Vihaan,Reddy,Hyderabad,Telangana,2024-05-20,Platinum
BM-C01058,Aarav,Gupta,Pune,Maharashtra,2021-05-07,Bronze
BM-C01059,Ayaan,Sharma,Kolkata,West Bengal,2019-05-11,Platinum
BM-C01060,Arjun,Patel,Lucknow,Uttar Pradesh,2019-10-06,Silver
BM-C01061,Pari,Verma,Bengaluru,Karnataka,2024-11-01,Gold
BM-C01062,Vivaan,Patel,Mumbai,Maharashtra,2024-06-25,Silver
BM-C01063,Vihaan,Gupta,Jaipur,Rajasthan,2023-02-24,Silver
BM-C01064,Navya,Patel,Pune,Maharashtra,2022-09-25,Silver
BM-C01065,Aadhya,Patel,Mumbai,Maharashtra,2020-02-23,Gold
BM-C01066,Pari,Singh,Mumbai,Maharashtra,2023-10-03,Gold
BM-C01067,Pari,Reddy,Jaipur,Rajasthan,2023-10-27,Silver
BM-C01068,Diya,Patel,Jaipur,Rajasthan,2022-12-26,Gold
BM-C01069,Navya,Gupta,Lucknow,Uttar Pradesh,2019-08-02,Silver
BM-C01070,Ishaan,Iyer,Ahmedabad,Gujarat,2023-08-10,Gold
BM-C01071,Aarav,Rao,Ahmedabad,Gujarat,2022-03-23,Silver
BM-C01072,Ira,Patel,Mumbai,Maharashtra,2024-04-10,Silver
BM-C01073,Aditya,Rao,Pune,Maharashtra,2022-04-18,Silver
BM-C01074,Pari,Rao,Jaipur,Rajasthan,2020-04-23,Gold
BM-C01075,Saanvi,Patel,Pune,Maharashtra,2019-12-10,Bronze
BM-C01076,Aditya,Sharma,Jaipur,Rajasthan,2020-02-08,Silver
BM-C01077,Reyansh,Verma,Mumbai,Maharashtra,2023-02-16,Silver
BM-C01078,Vivaan,Mehta,Delhi,Delhi,2024-06-16,Platinum
BM-C01079,Anika,Mehta,Ahmedabad,Gujarat,2024-12-18,Gold
BM-C01080,Diya,Reddy,Mumbai,Maharashtra,2024-02-26,Bronze
BM-C01081,Reyansh,Singh,Mumbai,Maharashtra,2019-09-06,Platinum
BM-C01082,Diya,Rao,Mumbai,Maharashtra,2022-07-16,Gold
BM-C01083,Ira,Iyer,Mumbai,Maharashtra,2023-07-02,Bronze
BM-C01084,Ishaan,Verma,Delhi,Delhi,2020-11-01,Bronze
BM-C01085,Ayaan,Rao,Delhi,Delhi,2022-04-12,Silver
BM-C01086,Anika,Reddy,Hyderabad,Telangana,2023-11-07,Silver
BM-C01087,Navya,Nair,Jaipur,Rajasthan,2019-11-24,Gold
BM-C01088,Saanvi,Verma,Ahmedabad,Gujarat,2020-06-02,Silver
BM-C01089,Aadhya,Rao,Jaipur,Rajasthan,2021-11-14,Silver
BM-C01090,Ira,Singh,Jaipur,Rajasthan,2021-12-30,Gold
BM-C01091,Ananya,Patel,Jaipur,Rajasthan,2022-07-05,Platinum
BM-C01092,Ira,Reddy,Pune,Maharashtra,2023-10-16,Silver
BM-C01093,Navya,Iyer,Kolkata,West Bengal,2022-01-23,Platinum
BM-C01094,Aadhya,Sharma,Ahmedabad,Gujarat,2019-04-18,Gold
BM-C01095,Aarav,Rao,Lucknow,Uttar Pradesh,2020-02-24,Gold
BM-C01096,Ishaan,Reddy,Mumbai,Maharashtra,2020-10-29,Gold
BM-C01097,Krishna,Rao,Mumbai,Maharashtra,2023-05-08,Silver
BM-C01098,Vivaan,Singh,Delhi,Delhi,2022-01-09,Silver
BM-C01099,Krishna,Patel,Bengaluru,Karnataka,2023-12-14,Silver
BM-C01100,Krishna,Iyer,Hyderabad,Telangana,2019-10-13,Platinum
BM-C01101,Reyansh,Verma,Lucknow,Uttar Pradesh,2021-10-05,Platinum
BM-C01102,Pari,Mehta,Bengaluru,Karnataka,2019-10-24,Gold
BM-C01103,Riya,Nair,Mumbai,Maharashtra,2019-09-01,Bronze
BM-C01104,Diya,Nair,Pune,Maharashtra,2022-07-18,Bronze
BM-C01105,Ira,Sharma,Hyderabad,Telangana,2024-05-23,Platinum
BM-C01106,Ishaan,Rao,Mumbai,Maharashtra,2019-05-08,Gold
BM-C01107,Riya,Gupta,Jaipur,Rajasthan,2021-10-12,Silver
BM-C01108,Vivaan,Nair,Bengaluru,Karnataka,2022-10-16,Bronze
BM-C01109,Saanvi,Iyer,Hyderabad,Telangana,2022-05-10,Silver
BM-C01110,Ananya,Verma,Bengaluru,Karnataka,2023-01-18,Bronze
BM-C01111,Aadhya,Iyer,Jaipur,Rajasthan,2019-09-22,Platinum
BM-C01112,Saanvi,Gupta,Jaipur,Rajasthan,2020-02-24,Platinum
BM-C01113,Reyansh,Singh,Jaipur,Rajasthan,2022-05-13,Silver
BM-C01114,Ira,Rao,Jaipur,Rajasthan,2021-02-04,Silver
BM-C01115,Krishna,Nair,Delhi,Delhi,2021-10-01,Bronze
BM-C01116,Saanvi,Nair,Delhi,Delhi,2022-02-08,Gold
BM-C01117,Ananya,Patel,Hyderabad,Telangana,2024-01-20,Bronze
BM-C01118,Sai,Patel,Chennai,Tamil Nadu,2024-03-29,Platinum
BM-C01119,Arjun,Singh,Lucknow,Uttar Pradesh,2019-05-20,Silver
BM-C01120,Diya,Gupta,Hyderabad,Telangana,2019-09-24,Bronze
BM-C01121,Ayaan,Mehta,Mumbai,Maharashtra,2020-04-03,Gold
BM-C01122,Ananya,Verma,Mumbai,Maharashtra,2021-08-05,Platinum
BM-C01123,Aarav,Patel,Ahmedabad,Gujarat,2020-10-11,Silver
BM-C01124,Navya,Rao,Hyderabad,Telangana,2021-03-14,Platinum
BM-C01125,Arjun,Sharma,Lucknow,Uttar Pradesh,2022-03-16,Bronze
BM-C01126,Sai,Sharma,Chennai,Tamil Nadu,2021-06-01,Silver
BM-C01127,Krishna,Sharma,Lucknow,Uttar Pradesh,2022-12-15,Bronze
BM-C01128,Aadhya,Iyer,Delhi,Delhi,2024-08-21,Gold
BM-C01129,Aarav,Iyer,Delhi,Delhi,2024-07-10,Platinum
BM-C01130,Aadhya,Rao,Hyderabad,Telangana,2019-11-06,Gold
BM-C01131,Ira,Rao,Ahmedabad,Gujarat,2019-10-01,Silver
BM-C01132,Anika,Singh,Hyderabad,Telangana,2023-10-08,Bronze
BM-C01133,Ayaan,Rao,Mumbai,Maharashtra,2021-08-05,Gold
BM-C01134,Aadhya,Gupta,Ahmedabad,Gujarat,2019-02-27,Gold
BM-C01135,Diya,Iyer,Pune,Maharashtra,2021-01-03,Gold
BM-C01136,Krishna,Nair,Mumbai,Maharashtra,2019-04-02,Gold
BM-C01137,Arjun,Patel,Hyderabad,Telangana,2022-05-05,Silver
BM-C01138,Aadhya,Rao,Delhi,Delhi,2024-10-07,Silver
BM-C01139,Ayaan,Mehta,Kolkata,West Bengal,2020-04-19,Platinum
BM-C01140,Ira,Patel,Chennai,Tamil Nadu,2022-10-27,Silver
BM-C01141,Arjun,Mehta,Hyderabad,Telangana,2023-08-09,Silver
BM-C01142,Ishaan,Rao,Bengaluru,Karnataka,2020-02-25,Platinum
BM-C01143,Riya,Gupta,Bengaluru,Karnataka,2021-09-13,Bronze
BM-C01144,Navya,Verma,Jaipur,Rajasthan,2020-07-26,Gold
BM-C01145,Aarav,Patel,Bengaluru,Karnataka,2022-07-10,Platinum
BM-C01146,Myra,Iyer,Chennai,Tamil Nadu,2020-04-17,Silver
BM-C01147,Arjun,Gupta,Delhi,Delhi,2019-03-23,Gold
BM-C01148,Riya,Mehta,Lucknow,Uttar Pradesh,2020-12-18,Silver
BM-C01149,Aarav,Patel,Hyderabad,Telangana,2019-09-04,Platinum
BM-C01150,Anika,Mehta,Bengaluru,Karnataka,2022-12-27,Gold
BM-C01151,Aadhya,Singh,Bengaluru,Karnataka,2023-01-12,Silver
BM-C01152,Reyansh,Reddy,Bengaluru,Karnataka,2019-04-11,Platinum
BM-C01153,Krishna,Nair,Mumbai,Maharashtra,2020-11-22,Silver
BM-C01154,Aditya,Gupta,Hyderabad,Telangana,2022-09-26,Platinum
BM-C01155,Myra,Reddy,Pune,Maharashtra,2022-08-21,Platinum
BM-C01156,Ira,Nair,Mumbai,Maharashtra,2021-08-30,Platinum
BM-C01157,Riya,Mehta,Lucknow,Uttar Pradesh,2023-07-24,Bronze
BM-C01158,Vihaan,Singh,Jaipur,Rajasthan,2022-11-20,Bronze
BM-C01159,Anika,Rao,Hyderabad,Telangana,2022-05-14,Bronze
BM-C01160,Aadhya,Rao,Jaipur,Rajasthan,2024-05-13,Bronze
BM-C01161,Ishaan,Singh,Hyderabad,Telangana,2022-05-21,Gold
BM-C01162,Myra,Gupta,Chennai,Tamil Nadu,2022-08-05,Gold
BM-C01163,Vivaan,Rao,Lucknow,Uttar Pradesh,2020-03-17,Platinum
BM-C01164,Aditya,Rao,Ahmedabad,Gujarat,2019-12-18,Silver
BM-C01165,Navya,Gupta,Lucknow,Uttar Pradesh,2022-05-06,Platinum
BM-C01166,Myra,Sharma,Pune,Maharashtra,2020-07-09,Platinum
BM-C01167,Reyansh,Singh,Lucknow,Uttar Pradesh,2019-10-08,Gold
BM-C01168,Sai,Verma,Pune,Maharashtra,2019-10-11,Bronze
BM-C01169,Diya,Verma,Ahmedabad,Gujarat,2023-06-16,Platinum
BM-C01170,Ira,Gupta,Jaipur,Rajasthan,2022-03-22,Platinum
BM-C01171,Sai,Patel,Mumbai,Maharashtra,2023-10-23,Silver
BM-C01172,Arjun,Gupta,Bengaluru,Karnataka,2019-06-09,Platinum
BM-C01173,Ishaan,Singh,Chennai,Tamil Nadu,2021-06-16,Silver
BM-C01174,Arjun,Reddy,Delhi,Delhi,2019-01-11,Gold
BM-C01175,Myra,Singh,Mumbai,Maharashtra,2023-03-30,Bronze
BM-C01176,Pari,Reddy,Lucknow,Uttar Pradesh,2020-11-04,Platinum
BM-C01177,Saanvi,Singh,Ahmedabad,Gujarat,2019-09-04,Bronze
BM-C01178,Navya,Iyer,Hyderabad,Telangana,2024-04-09,Silver
BM-C01179,Sai,Gupta,Mumbai,Maharashtra,2019-06-21,Gold
BM-C01180,Arjun,Sharma,Mumbai,Maharashtra,2024-09-03,Gold
BM-C01181,Aditya,Sharma,Pune,Maharashtra,2019-12-05,Platinum
BM-C01182,Sai,Iyer,Bengaluru,Karnataka,2024-03-13,Silver
BM-C01183,Riya,Patel,Ahmedabad,Gujarat,2019-04-22,Bronze
BM-C01184,Ananya,Patel,Chennai,Tamil Nadu,2022-03-23,Bronze
BM-C01185,Navya,Verma,Kolkata,West Bengal,2021-06-28,Platinum
BM-C01186,Vihaan,Iyer,Bengaluru,Karnataka,2021-10-19,Platinum
BM-C01187,Reyansh,Reddy,Jaipur,Rajasthan,2024-03-16,Bronze
BM-C01188,Riya,Rao,Delhi,Delhi,2019-09-30,Platinum
BM-C01189,Ishaan,Nair,Lucknow,Uttar Pradesh,2024-03-06,Gold
BM-C01190,Anika,Mehta,Chennai,Tamil Nadu,2024-04-20,Gold
BM-C01191,Ira,Mehta,Bengaluru,Karnataka,2023-03-23,Platinum
BM-C01192,Sai,Mehta,Ahmedabad,Gujarat,2020-12-24,Gold
BM-C01193,Aarav,Verma,Hyderabad,Telangana,2019-03-16,Platinum
BM-C01194,Reyansh,Mehta,Delhi,Delhi,2022-07-12,Platinum
BM-C01195,Ananya,Patel,Mumbai,Maharashtra,2023-10-08,Silver
BM-C01196,Reyansh,Iyer,Mumbai,Maharashtra,2021-03-01,Bronze
BM-C01197,Ishaan,Rao,Chennai,Tamil Nadu,2023-09-05,Gold
BM-C01198,Vihaan,Patel,Mumbai,Maharashtra,2021-11-26,Platinum
BM-C01199,Ira,Sharma,Lucknow,Uttar Pradesh,2020-06-29,Silver
BM-C01200,Ananya,Singh,Pune,Maharashtra,2023-01-14,Bronze
BM-C01201,Pari,Gupta,Bengaluru,Karnataka,2024-05-02,Platinum
BM-C01202,Ananya,Singh,Jaipur,Rajasthan,2022-07-10,Bronze
BM-C01203,Ishaan,Mehta,Jaipur,Rajasthan,2024-10-08,Gold
BM-C01204,Navya,Sharma,Jaipur,Rajasthan,2020-10-09,Gold
BM-C01205,Aditya,Gupta,Pune,Maharashtra,2021-05-21,Bronze
BM-C01206,Aadhya,Rao,Pune,Maharashtra,2020-05-30,Platinum
BM-C01207,Ira,Verma,Bengaluru,Karnataka,2021-08-15,Gold
BM-C01208,Krishna,Nair,Mumbai,Maharashtra,2019-09-27,Platinum
BM-C01209,Diya,Singh,Hyderabad,Telangana,2021-07-29,Silver
BM-C01210,Ishaan,Gupta,Jaipur,Rajasthan,2019-12-15,Gold
BM-C01211,Reyansh,Verma,Mumbai,Maharashtra,2022-10-10,Bronze
BM-C01212,Anika,Gupta,Ahmedabad,Gujarat,2020-08-13,Gold
BM-C01213,Anika,Iyer,Ahmedabad,Gujarat,2021-10-14,Silver
BM-C01214,Anika,Gupta,Delhi,Delhi,2020-09-29,Bronze
BM-C01215,Aadhya,Rao,Ahmedabad,Gujarat,2019-12-26,Bronze
BM-C01216,Vivaan,Mehta,Chennai,Tamil Nadu,2019-09-28,Gold
BM-C01217,Vivaan,Verma,Ahmedabad,Gujarat,2023-06-06,Gold
BM-C01218,Riya,Iyer,Mumbai,Maharashtra,2024-06-07,Silver
BM-C01219,Reyansh,Reddy,Pune,Maharashtra,2021-06-09,Gold
BM-C01220,Ananya,Singh,Jaipur,Rajasthan,2024-09-16,Bronze
BM-C01221,Arjun,Gupta,Chennai,Tamil Nadu,2021-04-30,Bronze
BM-C01222,Ira,Rao,Mumbai,Maharashtra,2023-05-17,Bronze
BM-C01223,Navya,Patel,Hyderabad,Telangana,2023-09-03,Gold
BM-C01224,Arjun,Iyer,Chennai,Tamil Nadu,2023-11-19,Silver
BM-C01225,Aditya,Iyer,Bengaluru,Karnataka,2024-03-20,Gold
BM-C01226,Myra,Sharma,Jaipur,Rajasthan,2020-02-09,Bronze
BM-C01227,Vivaan,Verma,Ahmedabad,Gujarat,2022-04-06,Bronze
BM-C01228,Saanvi,Nair,Delhi,Delhi,2020-07-10,Platinum
BM-C01229,Diya,Iyer,Lucknow,Uttar Pradesh,2021-10-29,Silver
BM-C01230,Aditya,Singh,Jaipur,Rajasthan,2023-10-31,Silver
BM-C01231,Myra,Verma,Delhi,Delhi,2022-11-16,Gold
BM-C01232,Pari,Reddy,Ahmedabad,Gujarat,2020-11-26,Silver
BM-C01233,Krishna,Patel,Lucknow,Uttar Pradesh,2022-05-03,Silver
BM-C01234,Ananya,Singh,Pune,Maharashtra,2023-02-23,Bronze
BM-C01235,Pari,Verma,Delhi,Delhi,2021-12-27,Platinum
BM-C01236,Sai,Iyer,Ahmedabad,Gujarat,2021-12-19,Silver
BM-C01237,Vihaan,Nair,Jaipur,Rajasthan,2019-11-29,Gold
BM-C01238,Aditya,Iyer,Jaipur,Rajasthan,2023-07-14,Platinum
BM-C01239,Riya,Nair,Kolkata,West Bengal,2021-01-11,Silver
BM-C01240,Sai,Singh,Jaipur,Rajasthan,2022-04-07,Bronze
BM-C01241,Reyansh,Mehta,Pune,Maharashtra,2022-09-01,Platinum
BM-C01242,Ananya,Rao,Lucknow,Uttar Pradesh,2024-11-26,Silver
BM-C01243,Aditya,Mehta,Bengaluru,Karnataka,2023-02-20,Bronze
BM-C01244,Ira,Singh,Lucknow,Uttar Pradesh,2021-10-07,Bronze
BM-C01245,Sai,Iyer,Ahmedabad,Gujarat,2022-06-14,Bronze
BM-C01246,Vihaan,Mehta,Lucknow,Uttar Pradesh,2022-03-23,Gold
BM-C01247,Vivaan,Verma,Ahmedabad,Gujarat,2020-11-07,Silver
BM-C01248,Aarav,Gupta,Lucknow,Uttar Pradesh,2024-08-15,Silver
BM-C01249,Navya,Iyer,Ahmedabad,Gujarat,2022-04-26,Platinum
BM-C01250,Reyansh,Patel,Hyderabad,Telangana,2021-07-20,Gold
BM-C01251,Diya,Verma,Kolkata,West Bengal,2023-12-16,Bronze
BM-C01252,Anika,Nair,Lucknow,Uttar Pradesh,2020-02-01,Gold
BM-C01253,Diya,Rao,Mumbai,Maharashtra,2019-06-15,Bronze
BM-C01254,Diya,Verma,Jaipur,Rajasthan,2021-05-26,Bronze
BM-C01255,Saanvi,Mehta,Hyderabad,Telangana,2022-05-09,Gold
BM-C01256,Aadhya,Nair,Kolkata,West Bengal,2022-09-14,Silver
BM-C01257,Pari,Gupta,Bengaluru,Karnataka,2020-08-07,Platinum
BM-C01258,Saanvi,Gupta,Pune,Maharashtra,2021-06-15,Silver
BM-C01259,Aarav,Verma,Bengaluru,Karnataka,2024-07-07,Bronze
BM-C01260,Pari,Nair,Bengaluru,Karnataka,2020-02-26,Bronze
BM-C01261,Saanvi,Singh,Bengaluru,Karnataka,2024-11-30,Platinum
BM-C01262,Sai,Singh,Lucknow,Uttar Pradesh,2023-05-02,Platinum
BM-C01263,Myra,Nair,Jaipur,Rajasthan,2022-01-08,Silver
BM-C01264,Saanvi,Mehta,Bengaluru,Karnataka,2019-01-24,Platinum
BM-C01265,Anika,Iyer,Hyderabad,Telangana,2022-06-30,Gold
BM-C01266,Vivaan,Mehta,Mumbai,Maharashtra,2023-02-10,Gold
BM-C01267,Riya,Singh,Delhi,Delhi,2024-11-15,Bronze
BM-C01268,Anika,Iyer,Bengaluru,Karnataka,2022-12-15,Bronze
BM-C01269,Ira,Verma,Jaipur,Rajasthan,2021-01-31,Platinum
BM-C01270,Navya,Mehta,Delhi,Delhi,2021-08-28,Bronze
BM-C01271,Navya,Sharma,Pune,Maharashtra,2022-12-27,Platinum
BM-C01272,Pari,Mehta,Jaipur,Rajasthan,2021-10-26,Platinum
BM-C01273,Ishaan,Iyer,Pune,Maharashtra,2020-06-04,Bronze
BM-C01274,Ishaan,Mehta,Lucknow,Uttar Pradesh,2021-03-20,Bronze
BM-C01275,Riya,Gupta,Ahmedabad,Gujarat,2023-11-15,Bronze
BM-C01276,Ira,Sharma,Chennai,Tamil Nadu,2021-06-10,Platinum
BM-C01277,Arjun,Rao,Delhi,Delhi,2019-08-27,Gold
BM-C01278,Arjun,Mehta,Chennai,Tamil Nadu,2021-05-22,Gold
BM-C01279,Aarav,Verma,Chennai,Tamil Nadu,2024-02-20,Silver
BM-C01280,Arjun,Singh,Lucknow,Uttar Pradesh,2022-02-22,Silver
BM-C01281,Ayaan,Singh,Chennai,Tamil Nadu,2020-07-15,Bronze
BM-C01282,Aditya,Gupta,Pune,Maharashtra,2024-01-25,Silver
BM-C01283,Saanvi,Nair,Ahmedabad,Gujarat,2021-01-09,Platinum
BM-C01284,Reyansh,Mehta,Bengaluru,Karnataka,2021-12-08,Bronze
BM-C01285,Vihaan,Sharma,Chennai,Tamil Nadu,2020-06-04,Platinum
BM-C01286,Pari,Iyer,Kolkata,West Bengal,2023-01-19,Silver
BM-C01287,Aadhya,Singh,Kolkata,West Bengal,2021-03-26,Silver
BM-C01288,Saanvi,Sharma,Jaipur,Rajasthan,2021-06-16,Platinum
BM-C01289,Ananya,Rao,Kolkata,West Bengal,2024-10-22,Bronze
BM-C01290,Navya,Patel,Delhi,Delhi,2022-09-03,Gold
BM-C01291,Krishna,Iyer,Pune,Maharashtra,2019-11-02,Gold
BM-C01292,Aadhya,Singh,Lucknow,Uttar Pradesh,2024-09-29,Silver
BM-C01293,Reyansh,Rao,Lucknow,Uttar Pradesh,2021-11-14,Silver
BM-C01294,Navya,Sharma,Pune,Maharashtra,2024-09-21,Bronze
BM-C01295,Aarav,Nair,Delhi,Delhi,2019-10-31,Bronze
BM-C01296,Diya,Reddy,Ahmedabad,Gujarat,2021-05-30,Gold
BM-C01297,Vivaan,Sharma,Hyderabad,Telangana,2024-04-08,Bronze
BM-C01298,Ira,Reddy,Mumbai,Maharashtra,2024-02-06,Bronze
BM-C01299,Aditya,Mehta,Delhi,Delhi,2020-02-08,Platinum
BM-C01300,Sai,Verma,Lucknow,Uttar Pradesh,2024-12-01,Silver
BM-C01301,Ishaan,Singh,Chennai,Tamil Nadu,2024-08-14,Bronze
BM-C01302,Krishna,Nair,Ahmedabad,Gujarat,2024-11-20,Gold
BM-C01303,Sai,Verma,Chennai,Tamil Nadu,2021-05-11,Bronze
BM-C01304,Aadhya,Patel,Kolkata,West Bengal,2019-07-06,Gold
BM-C01305,Sai,Singh,Chennai,Tamil Nadu,2019-08-04,Platinum
BM-C01306,Ira,Nair,Hyderabad,Telangana,2020-07-08,Platinum
BM-C01307,Arjun,Rao,Delhi,Delhi,2022-09-01,Silver
BM-C01308,Vihaan,Singh,Lucknow,Uttar Pradesh,2021-03-15,Bronze
BM-C01309,Aditya,Verma,Mumbai,Maharashtra,2023-11-11,Gold
BM-C01310,Aarav,Singh,Ahmedabad,Gujarat,2020-04-07,Bronze
BM-C01311,Aadhya,Iyer,Mumbai,Maharashtra,2020-04-16,Gold
BM-C01312,Riya,Sharma,Kolkata,West Bengal,2023-05-21,Platinum
BM-C01313,Saanvi,Nair,Ahmedabad,Gujarat,2019-08-06,Silver
BM-C01314,Aadhya,Singh,Mumbai,Maharashtra,2020-01-12,Gold
BM-C01315,Ishaan,Nair,Pune,Maharashtra,2019-06-21,Bronze
BM-C01316,Navya,Patel,Pune,Maharashtra,2019-09-07,Platinum
BM-C01317,Reyansh,Gupta,Chennai,Tamil Nadu,2023-09-19,Bronze
BM-C01318,Reyansh,Iyer,Kolkata,West Bengal,2024-12-02,Platinum
BM-C01319,Diya,Singh,Delhi,Delhi,2019-09-21,Platinum
BM-C01320,Arjun,Sharma,Hyderabad,Telangana,2020-08-22,Bronze
BM-C01321,Ayaan,Singh,Lucknow,Uttar Pradesh,2022-04-22,Bronze
BM-C01322,Ishaan,Singh,Jaipur,Rajasthan,2023-07-17,Platinum
BM-C01323,Vivaan,Patel,Mumbai,Maharashtra,2019-06-24,Gold
BM-C01324,Aadhya,Verma,Mumbai,Maharashtra,2020-10-19,Platinum
BM-C01325,Arjun,Mehta,Jaipur,Rajasthan,2020-12-24,Bronze
BM-C01326,Arjun,Singh,Mumbai,Maharashtra,2024-07-24,Bronze
BM-C01327,Ira,Sharma,Ahmedabad,Gujarat,2021-01-23,Silver
BM-C01328,Sai,Sharma,Mumbai,Maharashtra,2021-08-12,Bronze
BM-C01329,Ira,Gupta,Ahmedabad,Gujarat,2024-01-11,Bronze
BM-C01330,Vihaan,Singh,Delhi,Delhi,2024-01-23,Silver
BM-C01331,Reyansh,Nair,Delhi,Delhi,2021-11-14,Platinum
BM-C01332,Vihaan,Mehta,Pune,Maharashtra,2023-08-24,Silver
BM-C01333,Reyansh,Sharma,Pune,Maharashtra,2024-01-17,Silver
BM-C01334,Aditya,Verma,Pune,Maharashtra,2021-04-30,Silver
BM-C01335,Sai,Patel,Kolkata,West Bengal,2023-09-16,Silver
BM-C01336,Ayaan,Mehta,Ahmedabad,Gujarat,2019-05-07,Silver
BM-C01337,Ira,Nair,Delhi,Delhi,2020-05-05,Bronze
BM-C01338,Aditya,Sharma,Ahmedabad,Gujarat,2019-01-23,Silver
BM-C01339,Riya,Iyer,Delhi,Delhi,2022-07-17,Platinum
BM-C01340,Reyansh,Gupta,Bengaluru,Karnataka,2024-06-10,Gold
BM-C01341,Myra,Nair,Jaipur,Rajasthan,2021-01-13,Silver
BM-C01342,Vivaan,Mehta,Lucknow,Uttar Pradesh,2020-07-13,Platinum
BM-C01343,Aditya,Iyer,Lucknow,Uttar Pradesh,2021-12-16,Platinum
BM-C01344,Navya,Reddy,Mumbai,Maharashtra,2020-08-19,Bronze
BM-C01345,Vihaan,Mehta,Jaipur,Rajasthan,2022-01-29,Silver
BM-C01346,Reyansh,Iyer,Ahmedabad,Gujarat,2019-06-14,Silver
BM-C01347,Arjun,Singh,Delhi,Delhi,2023-03-26,Silver
BM-C01348,Vivaan,Sharma,Bengaluru,Karnataka,2024-06-26,Gold
BM-C01349,Reyansh,Nair,Chennai,Tamil Nadu,2021-02-20,Gold
BM-C01350,Myra,Sharma,Lucknow,Uttar Pradesh,2019-11-21,Bronze
BM-C01351,Sai,Gupta,Jaipur,Rajasthan,2019-04-01,Platinum
BM-C01352,Vihaan,Verma,Jaipur,Rajasthan,2021-01-01,Platinum
BM-C01353,Riya,Patel,Lucknow,Uttar Pradesh,2022-07-25,Silver
BM-C01354,Ayaan,Verma,Pune,Maharashtra,2021-10-10,Silver
BM-C01355,Ayaan,Nair,Delhi,Delhi,2020-09-13,Platinum
BM-C01356,Aditya,Singh,Hyderabad,Telangana,2023-12-23,Platinum
BM-C01357,Saanvi,Gupta,Mumbai,Maharashtra,2020-11-02,Platinum
BM-C01358,Aadhya,Patel,Bengaluru,Karnataka,2020-02-28,Platinum
BM-C01359,Diya,Iyer,Hyderabad,Telangana,2020-09-20,Gold
BM-C01360,Vivaan,Mehta,Bengaluru,Karnataka,2019-07-05,Gold
BM-C01361,Vihaan,Singh,Bengaluru,Karnataka,2022-11-25,Platinum
BM-C01362,Ananya,Reddy,Bengaluru,Karnataka,2021-07-06,Silver
BM-C01363,Sai,Mehta,Lucknow,Uttar Pradesh,2023-09-14,Silver
BM-C01364,Saanvi,Rao,Delhi,Delhi,2023-02-28,Silver
BM-C01365,Pari,Singh,Lucknow,Uttar Pradesh,2021-05-17,Bronze
BM-C01366,Ayaan,Reddy,Kolkata,West Bengal,2021-10-13,Platinum
BM-C01367,Ayaan,Mehta,Lucknow,Uttar Pradesh,2020-04-07,Bronze
BM-C01368,Vivaan,Sharma,Kolkata,West Bengal,2023-01-02,Bronze
BM-C01369,Anika,Nair,Kolkata,West Bengal,2023-01-29,Bronze
BM-C01370,Pari,Reddy,Ahmedabad,Gujarat,2019-09-16,Bronze
BM-C01371,Reyansh,Gupta,Kolkata,West Bengal,2022-01-18,Gold
BM-C01372,Aditya,Sharma,Hyderabad,Telangana,2023-01-30,Gold
BM-C01373,Myra,Mehta,Bengaluru,Karnataka,2023-12-19,Bronze
BM-C01374,Myra,Gupta,Ahmedabad,Gujarat,2024-12-24,Platinum
BM-C01375,Diya,Singh,Bengaluru,Karnataka,2024-12-26,Bronze
BM-C01376,Aadhya,Patel,Delhi,Delhi,2023-07-08,Bronze
BM-C01377,Saanvi,Iyer,Chennai,Tamil Nadu,2024-12-08,Silver
BM-C01378,Ira,Patel,Delhi,Delhi,2019-06-20,Gold
BM-C01379,Vihaan,Nair,Mumbai,Maharashtra,2022-02-09,Platinum
BM-C01380,Vivaan,Patel,Lucknow,Uttar Pradesh,2022-02-12,Silver
BM-C01381,Aditya,Rao,Jaipur,Rajasthan,2020-09-28,Silver
BM-C01382,Ayaan,Rao,Pune,Maharashtra,2019-12-19,Platinum
BM-C01383,Reyansh,Reddy,Lucknow,Uttar Pradesh,2021-09-22,Gold
BM-C01384,Anika,Nair,Chennai,Tamil Nadu,2021-05-11,Bronze
BM-C01385,Diya,Patel,Delhi,Delhi,2022-11-06,Platinum
BM-C01386,Anika,Verma,Jaipur,Rajasthan,2022-12-31,Gold
BM-C01387,Ira,Patel,Ahmedabad,Gujarat,2024-09-22,Bronze
BM-C01388,Myra,Verma,Hyderabad,Telangana,2019-09-07,Platinum
BM-C01389,Ishaan,Verma,Bengaluru,Karnataka,2019-12-06,Silver
BM-C01390,Vihaan,Gupta,Chennai,Tamil Nadu,2023-03-23,Silver
BM-C01391,Anika,Sharma,Hyderabad,Telangana,2021-06-29,Platinum
BM-C01392,Arjun,Singh,Jaipur,Rajasthan,2021-12-13,Platinum
BM-C01393,Aarav,Iyer,Ahmedabad,Gujarat,2020-08-10,Bronze
BM-C01394,Ayaan,Rao,Mumbai,Maharashtra,2024-06-25,Gold
BM-C01395,Riya,Patel,Kolkata,West Bengal,2024-07-30,Gold
BM-C01396,Riya,Rao,Ahmedabad,Gujarat,2023-09-01,Platinum
BM-C01397,Ishaan,Mehta,Ahmedabad,Gujarat,2020-02-14,Gold
BM-C01398,Krishna,Reddy,Bengaluru,Karnataka,2023-02-13,Gold
BM-C01399,Vivaan,Gupta,Chennai,Tamil Nadu,2022-01-02,Gold
BM-C01400,Sai,Mehta,Ahmedabad,Gujarat,2020-05-14,Gold
BM-C01401,Sai,Gupta,Bengaluru,Karnataka,2020-05-16,Silver
BM-C01402,Vivaan,Patel,Delhi,Delhi,2023-11-20,Silver
BM-C01403,Krishna,Patel,Ahmedabad,Gujarat,2020-07-27,Silver
BM-C01404,Vivaan,Patel,Jaipur,Rajasthan,2021-12-04,Silver
BM-C01405,Myra,Rao,Pune,Maharashtra,2020-05-20,Gold
BM-C01406,Aarav,Nair,Delhi,Delhi,2023-04-01,Silver
BM-C01407,Ananya,Gupta,Ahmedabad,Gujarat,2019-01-14,Gold
BM-C01408,Pari,Iyer,Chennai,Tamil Nadu,2023-11-18,Silver
BM-C01409,Myra,Patel,Lucknow,Uttar Pradesh,2024-11-11,Bronze
BM-C01410,Vivaan,Gupta,Ahmedabad,Gujarat,2024-10-07,Bronze
BM-C01411,Aarav,Nair,Chennai,Tamil Nadu,2024-04-02,Silver
BM-C01412,Diya,Verma,Ahmedabad,Gujarat,2021-10-10,Bronze
BM-C01413,Reyansh,Mehta,Lucknow,Uttar Pradesh,2023-06-24,Silver
BM-C01414,Reyansh,Sharma,Chennai,Tamil Nadu,2019-09-17,Platinum
BM-C01415,Anika,Nair,Delhi,Delhi,2020-08-27,Platinum
BM-C01416,Ira,Mehta,Pune,Maharashtra,2023-05-09,Bronze
BM-C01417,Aadhya,Gupta,Pune,Maharashtra,2022-08-21,Gold
BM-C01418,Diya,Sharma,Kolkata,West Bengal,2021-06-03,Gold
BM-C01419,Ishaan,Singh,Pune,Maharashtra,2023-10-10,Bronze
BM-C01420,Myra,Nair,Hyderabad,Telangana,2022-10-06,Gold
BM-C01421,Saanvi,Nair,Bengaluru,Karnataka,2020-03-09,Bronze
BM-C01422,Reyansh,Iyer,Bengaluru,Karnataka,2023-01-14,Gold
BM-C01423,Riya,Nair,Delhi,Delhi,2019-10-02,Bronze
BM-C01424,Krishna,Nair,Kolkata,West Bengal,2020-06-27,Platinum
BM-C01425,Arjun,Reddy,Lucknow,Uttar Pradesh,2020-07-31,Platinum
BM-C01426,Navya,Singh,Chennai,Tamil Nadu,2019-05-12,Gold
BM-C01427,Ishaan,Singh,Lucknow,Uttar Pradesh,2023-10-04,Platinum
BM-C01428,Aarav,Sharma,Hyderabad,Telangana,2020-04-23,Gold
BM-C01429,Pari,Verma,Chennai,Tamil Nadu,2024-07-24,Gold
BM-C01430,Sai,Singh,Kolkata,West Bengal,2024-11-07,Silver
BM-C01431,Vihaan,Iyer,Mumbai,Maharashtra,2023-03-12,Bronze
BM-C01432,Diya,Mehta,Lucknow,Uttar Pradesh,2023-02-01,Platinum
BM-C01433,Pari,Verma,Chennai,Tamil Nadu,2022-03-05,Bronze
BM-C01434,Sai,Mehta,Chennai,Tamil Nadu,2019-07-01,Silver
BM-C01435,Myra,Gupta,Pune,Maharashtra,2022-01-15,Silver
BM-C01436,Krishna,Patel,Mumbai,Maharashtra,2022-07-27,Gold
BM-C01437,Ishaan,Iyer,Mumbai,Maharashtra,2023-07-04,Bronze
BM-C01438,Reyansh,Gupta,Jaipur,Rajasthan,2019-10-21,Silver
BM-C01439,Ananya,Patel,Jaipur,Rajasthan,2024-10-29,Gold
BM-C01440,Diya,Verma,Chennai,Tamil Nadu,2023-07-19,Gold
BM-C01441,Aarav,Gupta,Bengaluru,Karnataka,2023-05-29,Gold
BM-C01442,Pari,Nair,Pune,Maharashtra,2021-11-23,Silver
BM-C01443,Reyansh,Gupta,Delhi,Delhi,2023-04-13,Silver
BM-C01444,Navya,Mehta,Hyderabad,Telangana,2024-11-12,Bronze
BM-C01445,Myra,Verma,Kolkata,West Bengal,2019-12-29,Silver
BM-C01446,Pari,Patel,Mumbai,Maharashtra,2021-08-26,Gold
BM-C01447,Myra,Mehta,Bengaluru,Karnataka,2023-06-14,Gold
BM-C01448,Ishaan,Sharma,Bengaluru,Karnataka,2020-01-04,Silver
BM-C01449,Arjun,Reddy,Bengaluru,Karnataka,2021-08-13,Silver
BM-C01450,Arjun,Verma,Hyderabad,Telangana,2022-08-12,Bronze
BM-C01451,Aarav,Singh,Delhi,Delhi,2022-09-01,Bronze
BM-C01452,Vihaan,Sharma,Hyderabad,Telangana,2024-08-11,Bronze
BM-C01453,Vihaan,Iyer,Ahmedabad,Gujarat,2019-05-15,Bronze
BM-C01454,Aarav,Verma,Chennai,Tamil Nadu,2020-01-20,Silver
BM-C01455,Reyansh,Gupta,Lucknow,Uttar Pradesh,2024-09-14,Gold
BM-C01456,Aditya,Gupta,Mumbai,Maharashtra,2021-05-11,Gold
BM-C01457,Sai,Rao,Pune,Maharashtra,2024-03-19,Silver
BM-C01458,Riya,Verma,Jaipur,Rajasthan,2019-11-04,Bronze
BM-C01459,Reyansh,Reddy,Jaipur,Rajasthan,2021-05-25,Silver
BM-C01460,Aarav,Verma,Jaipur,Rajasthan,2020-10-26,Platinum
BM-C01461,Riya,Gupta,Pune,Maharashtra,2022-09-27,Bronze
BM-C01462,Diya,Nair,Bengaluru,Karnataka,2022-08-10,Silver
BM-C01463,Ayaan,Nair,Jaipur,Rajasthan,2019-12-17,Gold
BM-C01464,Myra,Verma,Delhi,Delhi,2023-06-03,Silver
BM-C01465,Diya,Iyer,Ahmedabad,Gujarat,2023-09-27,Bronze
BM-C01466,Ananya,Singh,Delhi,Delhi,2019-12-26,Platinum
BM-C01467,Myra,Mehta,Chennai,Tamil Nadu,2021-08-27,Platinum
BM-C01468,Navya,Nair,Hyderabad,Telangana,2021-06-21,Platinum
BM-C01469,Aditya,Singh,Hyderabad,Telangana,2024-10-10,Gold
BM-C01470,Aarav,Singh,Bengaluru,Karnataka,2024-09-19,Bronze
BM-C01471,Myra,Rao,Kolkata,West Bengal,2024-08-08,Bronze
BM-C01472,Arjun,Nair,Delhi,Delhi,2022-05-29,Bronze
BM-C01473,Aditya,Patel,Bengaluru,Karnataka,2020-09-10,Gold
BM-C01474,Ira,Nair,Hyderabad,Telangana,2020-01-17,Silver
BM-C01475,Pari,Iyer,Kolkata,West Bengal,2023-12-13,Gold
BM-C01476,Diya,Singh,Kolkata,West Bengal,2024-09-02,Platinum
BM-C01477,Anika,Iyer,Ahmedabad,Gujarat,2020-04-02,Platinum
BM-C01478,Vihaan,Iyer,Delhi,Delhi,2023-03-01,Platinum
BM-C01479,Arjun,Sharma,Hyderabad,Telangana,2019-11-06,Bronze
BM-C01480,Pari,Sharma,Delhi,Delhi,2020-07-10,Platinum
BM-C01481,Ananya,Gupta,Lucknow,Uttar Pradesh,2021-07-29,Bronze
BM-C01482,Anika,Singh,Delhi,Delhi,2022-12-18,Silver
BM-C01483,Pari,Singh,Chennai,Tamil Nadu,2023-04-18,Gold
BM-C01484,Ananya,Rao,Jaipur,Rajasthan,2023-08-26,Bronze
BM-C01485,Saanvi,Verma,Mumbai,Maharashtra,2022-04-06,Platinum
BM-C01486,Aadhya,Singh,Pune,Maharashtra,2022-11-29,Bronze
BM-C01487,Sai,Rao,Mumbai,Maharashtra,2024-08-10,Gold
BM-C01488,Pari,Nair,Bengaluru,Karnataka,2020-02-22,Gold
BM-C01489,Pari,Verma,Kolkata,West Bengal,2023-11-03,Platinum
BM-C01490,Navya,Mehta,Jaipur,Rajasthan,2022-12-30,Platinum
BM-C01491,Sai,Rao,Jaipur,Rajasthan,2019-06-23,Platinum
BM-C01492,Pari,Mehta,Chennai,Tamil Nadu,2022-03-19,Gold
BM-C01493,Ananya,Sharma,Chennai,Tamil Nadu,2019-03-29,Bronze
BM-C01494,Diya,Patel,Bengaluru,Karnataka,2023-12-20,Bronze
BM-C01495,Aadhya,Verma,Pune,Maharashtra,2022-08-23,Gold
BM-C01496,Saanvi,Patel,Pune,Maharashtra,2019-06-25,Silver
BM-C01497,Ayaan,Iyer,Hyderabad,Telangana,2024-01-15,Bronze
BM-C01498,Ishaan,Verma,Delhi,Delhi,2021-11-14,Silver
BM-C01499,Navya,Patel,Mumbai,Maharashtra,2019-04-27,Platinum
BM-C01500,Riya,Rao,Kolkata,West Bengal,2022-08-01,Gold
BM-C01501,Pari,Mehta,Mumbai,Maharashtra,2019-03-11,Gold
BM-C01502,Riya,Nair,Kolkata,West Bengal,2021-09-28,Bronze
BM-C01503,Vihaan,Reddy,Ahmedabad,Gujarat,2021-11-09,Platinum
BM-C01504,Ananya,Gupta,Jaipur,Rajasthan,2024-03-25,Gold
BM-C01505,Saanvi,Reddy,Pune,Maharashtra,2023-03-24,Bronze
BM-C01506,Reyansh,Iyer,Jaipur,Rajasthan,2021-04-03,Bronze
BM-C01507,Riya,Nair,Chennai,Tamil Nadu,2020-12-02,Bronze
BM-C01508,Vihaan,Mehta,Lucknow,Uttar Pradesh,2021-11-12,Gold
BM-C01509,Riya,Rao,Delhi,Delhi,2023-01-16,Platinum
BM-C01510,Diya,Verma,Hyderabad,Telangana,2024-07-17,Gold
BM-C01511,Ishaan,Nair,Jaipur,Rajasthan,2024-08-23,Gold
BM-C01512,Saanvi,Nair,Hyderabad,Telangana,2021-02-19,Platinum
BM-C01513,Sai,Sharma,Jaipur,Rajasthan,2024-05-04,Silver
BM-C01514,Pari,Reddy,Lucknow,Uttar Pradesh,2024-08-15,Platinum
BM-C01515,Navya,Mehta,Chennai,Tamil Nadu,2022-09-09,Bronze
BM-C01516,Reyansh,Patel,Jaipur,Rajasthan,2022-12-07,Silver
BM-C01517,Arjun,Iyer,Hyderabad,Telangana,2022-09-14,Platinum
BM-C01518,Aditya,Reddy,Pune,Maharashtra,2022-07-05,Gold
BM-C01519,Sai,Iyer,Chennai,Tamil Nadu,2024-11-03,Silver
BM-C01520,Ayaan,Verma,Kolkata,West Bengal,2020-04-10,Silver
BM-C01521,Ayaan,Iyer,Mumbai,Maharashtra,2022-12-13,Platinum
BM-C01522,Saanvi,Nair,Jaipur,Rajasthan,2024-07-02,Bronze
BM-C01523,Sai,Iyer,Hyderabad,Telangana,2020-02-28,Bronze
BM-C01524,Krishna,Rao,Chennai,Tamil Nadu,2020-06-30,Bronze
BM-C01525,Aarav,Sharma,Ahmedabad,Gujarat,2019-09-18,Gold
BM-C01526,Ishaan,Verma,Lucknow,Uttar Pradesh,2022-06-18,Gold
BM-C01527,Aadhya,Gupta,Delhi,Delhi,2021-01-03,Bronze
BM-C01528,Anika,Verma,Lucknow,Uttar Pradesh,2023-06-10,Gold
BM-C01529,Aditya,Reddy,Ahmedabad,Gujarat,2024-02-07,Bronze
BM-C01530,Ananya,Mehta,Pune,Maharashtra,2022-04-26,Silver
BM-C01531,Reyansh,Gupta,Kolkata,West Bengal,2019-11-28,Silver
BM-C01532,Krishna,Singh,Hyderabad,Telangana,2022-06-22,Gold
BM-C01533,Vivaan,Singh,Lucknow,Uttar Pradesh,2023-07-16,Gold
BM-C01534,Ananya,Rao,Delhi,Delhi,2022-08-09,Platinum
BM-C01535,Krishna,Gupta,Hyderabad,Telangana,2022-02-01,Platinum
BM-C01536,Ishaan,Sharma,Pune,Maharashtra,2024-06-28,Bronze
BM-C01537,Ayaan,Iyer,Mumbai,Maharashtra,2023-09-14,Platinum
BM-C01538,Diya,Verma,Chennai,Tamil Nadu,2023-07-20,Silver
BM-C01539,Aadhya,Sharma,Ahmedabad,Gujarat,2022-05-05,Gold
BM-C01540,Aditya,Reddy,Chennai,Tamil Nadu,2021-07-13,Silver
BM-C01541,Myra,Patel,Bengaluru,Karnataka,2024-06-25,Platinum
BM-C01542,Krishna,Verma,Mumbai,Maharashtra,2023-03-08,Platinum
BM-C01543,Ananya,Nair,Kolkata,West Bengal,2019-11-08,Silver
BM-C01544,Anika,Verma,Chennai,Tamil Nadu,2021-12-29,Platinum
BM-C01545,Navya,Patel,Lucknow,Uttar Pradesh,2022-11-09,Bronze
BM-C01546,Sai,Singh,Mumbai,Maharashtra,2024-06-14,Silver
BM-C01547,Aadhya,Reddy,Mumbai,Maharashtra,2024-05-06,Gold
BM-C01548,Riya,Verma,Pune,Maharashtra,2019-12-11,Silver
BM-C01549,Anika,Gupta,Hyderabad,Telangana,2024-01-20,Platinum
BM-C01550,Myra,Singh,Pune,Maharashtra,2020-02-19,Gold
BM-C01551,Riya,Patel,Bengaluru,Karnataka,2021-05-25,Silver
BM-C01552,Saanvi,Patel,Delhi,Delhi,2020-07-19,Platinum
BM-C01553,Riya,Reddy,Kolkata,West Bengal,2019-03-06,Bronze
BM-C01554,Ira,Reddy,Jaipur,Rajasthan,2019-10-04,Platinum
BM-C01555,Krishna,Gupta,Hyderabad,Telangana,2019-06-04,Platinum
BM-C01556,Saanvi,Mehta,Lucknow,Uttar Pradesh,2021-03-19,Silver
BM-C01557,Diya,Gupta,Delhi,Delhi,2023-10-29,Bronze
BM-C01558,Anika,Nair,Mumbai,Maharashtra,2022-11-10,Platinum
BM-C01559,Ayaan,Reddy,Delhi,Delhi,2020-08-15,Gold
BM-C01560,Pari,Nair,Chennai,Tamil Nadu,2020-02-09,Platinum
BM-C01561,Ira,Reddy,Hyderabad,Telangana,2021-05-29,Silver
BM-C01562,Sai,Nair,Kolkata,West Bengal,2020-03-29,Bronze
BM-C01563,Krishna,Reddy,Chennai,Tamil Nadu,2024-04-03,Platinum
BM-C01564,Diya,Mehta,Hyderabad,Telangana,2024-10-26,Platinum
BM-C01565,Aarav,Singh,Delhi,Delhi,2020-02-18,Gold
BM-C01566,Reyansh,Nair,Kolkata,West Bengal,2022-08-08,Gold
BM-C01567,Vihaan,Rao,Delhi,Delhi,2019-07-02,Bronze
BM-C01568,Ayaan,Singh,Pune,Maharashtra,2022-01-05,Bronze
BM-C01569,Krishna,Rao,Mumbai,Maharashtra,2024-04-09,Platinum
BM-C01570,Aadhya,Patel,Chennai,Tamil Nadu,2020-02-15,Bronze
BM-C01571,Sai,Iyer,Lucknow,Uttar Pradesh,2020-06-11,Platinum
BM-C01572,Myra,Gupta,Pune,Maharashtra,2019-10-06,Gold
BM-C01573,Saanvi,Gupta,Jaipur,Rajasthan,2021-03-20,Bronze
BM-C01574,Vivaan,Gupta,Pune,Maharashtra,2023-03-31,Gold
BM-C01575,Saanvi,Iyer,Pune,Maharashtra,2021-03-28,Gold
BM-C01576,Ananya,Nair,Jaipur,Rajasthan,2020-05-27,Gold
BM-C01577,Arjun,Rao,Ahmedabad,Gujarat,2024-08-04,Platinum
BM-C01578,Reyansh,Gupta,Mumbai,Maharashtra,2019-06-19,Silver
BM-C01579,Vivaan,Singh,Bengaluru,Karnataka,2021-03-19,Silver
BM-C01580,Saanvi,Verma,Ahmedabad,Gujarat,2023-03-18,Bronze
BM-C01581,Diya,Rao,Ahmedabad,Gujarat,2023-02-16,Platinum
BM-C01582,Vihaan,Gupta,Ahmedabad,Gujarat,2020-01-20,Gold
BM-C01583,Reyansh,Iyer,Delhi,Delhi,2020-07-15,Silver
BM-C01584,Krishna,Mehta,Jaipur,Rajasthan,2024-08-22,Silver
BM-C01585,Aarav,Rao,Lucknow,Uttar Pradesh,2023-11-09,Silver
BM-C01586,Aditya,Reddy,Kolkata,West Bengal,2023-03-28,Bronze
BM-C01587,Aarav,Iyer,Pune,Maharashtra,2024-10-17,Bronze
BM-C01588,Diya,Mehta,Kolkata,West Bengal,2019-11-26,Gold
BM-C01589,Aarav,Verma,Bengaluru,Karnataka,2022-11-30,Platinum
BM-C01590,Krishna,Mehta,Ahmedabad,Gujarat,2024-08-06,Bronze
BM-C01591,Vivaan,Mehta,Pune,Maharashtra,2022-11-08,Gold
BM-C01592,Arjun,Reddy,Lucknow,Uttar Pradesh,2019-06-01,Gold
BM-C01593,Vivaan,Verma,Pune,Maharashtra,2023-08-27,Platinum
BM-C01594,Aadhya,Iyer,Delhi,Delhi,2020-07-07,Silver
BM-C01595,Aditya,Sharma,Kolkata,West Bengal,2020-10-08,Silver
BM-C01596,Aadhya,Iyer,Kolkata,West Bengal,2024-07-03,Silver
BM-C01597,Ishaan,Singh,Delhi,Delhi,2022-09-05,Gold
BM-C01598,Arjun,Patel,Lucknow,Uttar Pradesh,2024-08-29,Bronze
BM-C01599,Anika,Reddy,Pune,Maharashtra,2023-03-02,Platinum
BM-C01600,Pari,Iyer,Kolkata,West Bengal,2023-10-16,Platinum
BM-C01601,Saanvi,Patel,Delhi,Delhi,2024-03-22,Silver
BM-C01602,Saanvi,Verma,Kolkata,West Bengal,2019-05-06,Gold
BM-C01603,Ayaan,Gupta,Ahmedabad,Gujarat,2023-03-19,Bronze
BM-C01604,Myra,Nair,Chennai,Tamil Nadu,2019-09-04,Platinum
BM-C01605,Arjun,Gupta,Chennai,Tamil Nadu,2024-10-27,Gold
BM-C01606,Anika,Nair,Hyderabad,Telangana,2021-07-07,Bronze
BM-C01607,Aditya,Sharma,Jaipur,Rajasthan,2023-05-15,Bronze
BM-C01608,Saanvi,Nair,Jaipur,Rajasthan,2019-10-21,Platinum
BM-C01609,Krishna,Patel,Lucknow,Uttar Pradesh,2021-03-02,Bronze
BM-C01610,Aarav,Verma,Jaipur,Rajasthan,2024-08-17,Platinum
BM-C01611,Sai,Nair,Bengaluru,Karnataka,2019-05-21,Bronze
BM-C01612,Ishaan,Patel,Kolkata,West Bengal,2023-12-30,Platinum
BM-C01613,Ira,Iyer,Ahmedabad,Gujarat,2021-11-26,Silver
BM-C01614,Sai,Verma,Hyderabad,Telangana,2024-02-20,Gold
BM-C01615,Saanvi,Rao,Delhi,Delhi,2019-02-25,Bronze
BM-C01616,Vihaan,Sharma,Kolkata,West Bengal,2020-06-17,Platinum
BM-C01617,Aadhya,Mehta,Ahmedabad,Gujarat,2023-02-21,Gold
BM-C01618,Ira,Patel,Lucknow,Uttar Pradesh,2024-11-15,Platinum
BM-C01619,Aditya,Gupta,Chennai,Tamil Nadu,2020-02-24,Bronze
BM-C01620,Vihaan,Sharma,Hyderabad,Telangana,2024-12-02,Silver
BM-C01621,Reyansh,Singh,Mumbai,Maharashtra,2024-07-08,Silver
BM-C01622,Saanvi,Rao,Hyderabad,Telangana,2020-08-16,Bronze
BM-C01623,Myra,Gupta,Chennai,Tamil Nadu,2023-01-12,Platinum
BM-C01624,Vihaan,Gupta,Mumbai,Maharashtra,2020-04-18,Platinum
BM-C01625,Pari,Sharma,Ahmedabad,Gujarat,2022-10-28,Silver
BM-C01626,Ishaan,Mehta,Hyderabad,Telangana,2022-05-02,Bronze
BM-C01627,Aarav,Verma,Pune,Maharashtra,2024-05-12,Platinum
BM-C01628,Pari,Mehta,Kolkata,West Bengal,2024-01-26,Gold
BM-C01629,Pari,Nair,Mumbai,Maharashtra,2023-02-19,Platinum
BM-C01630,Vivaan,Rao,Hyderabad,Telangana,2019-03-01,Platinum
BM-C01631,Ananya,Rao,Lucknow,Uttar Pradesh,2019-07-17,Gold
BM-C01632,Pari,Verma,Kolkata,West Bengal,2023-03-18,Gold
BM-C01633,Saanvi,Sharma,Ahmedabad,Gujarat,2020-05-16,Gold
BM-C01634,Pari,Patel,Hyderabad,Telangana,2022-09-23,Silver
BM-C01635,Ayaan,Mehta,Jaipur,Rajasthan,2024-10-29,Gold
BM-C01636,Myra,Gupta,Lucknow,Uttar Pradesh,2021-06-30,Platinum
BM-C01637,Diya,Singh,Kolkata,West Bengal,2020-05-18,Silver
BM-C01638,Aditya,Singh,Chennai,Tamil Nadu,2020-02-06,Silver
BM-C01639,Sai,Mehta,Hyderabad,Telangana,2023-03-10,Bronze
BM-C01640,Pari,Iyer,Kolkata,West Bengal,2020-12-30,Silver
BM-C01641,Vivaan,Sharma,Jaipur,Rajasthan,2022-01-19,Gold
BM-C01642,Sai,Gupta,Pune,Maharashtra,2023-04-14,Bronze
BM-C01643,Ananya,Nair,Delhi,Delhi,2019-12-21,Silver
BM-C01644,Navya,Reddy,Delhi,Delhi,2023-02-20,Gold
BM-C01645,Diya,Sharma,Pune,Maharashtra,2023-09-27,Gold
BM-C01646,Anika,Mehta,Bengaluru,Karnataka,2024-09-11,Bronze
BM-C01647,Myra,Singh,Mumbai,Maharashtra,2019-12-11,Bronze
BM-C01648,Ira,Verma,Lucknow,Uttar Pradesh,2023-10-14,Bronze
BM-C01649,Vihaan,Gupta,Jaipur,Rajasthan,2024-05-11,Bronze
BM-C01650,Diya,Gupta,Hyderabad,Telangana,2021-06-26,Platinum
BM-C01651,Pari,Verma,Jaipur,Rajasthan,2020-04-24,Gold
BM-C01652,Arjun,Verma,Pune,Maharashtra,2020-09-19,Platinum
BM-C01653,Aarav,Reddy,Kolkata,West Bengal,2023-01-11,Gold
BM-C01654,Anika,Gupta,Chennai,Tamil Nadu,2019-09-22,Gold
BM-C01655,Saanvi,Patel,Pune,Maharashtra,2024-05-09,Silver
BM-C01656,Anika,Nair,Bengaluru,Karnataka,2020-12-09,Silver
BM-C01657,Saanvi,Nair,Kolkata,West Bengal,2022-11-26,Gold
BM-C01658,Myra,Gupta,Mumbai,Maharashtra,2019-01-31,Bronze
BM-C01659,Ananya,Patel,Delhi,Delhi,2022-06-01,Silver
BM-C01660,Vivaan,Nair,Kolkata,West Bengal,2019-04-26,Silver
BM-C01661,Vivaan,Rao,Lucknow,Uttar Pradesh,2021-07-07,Platinum
BM-C01662,Navya,Iyer,Kolkata,West Bengal,2021-09-01,Gold
BM-C01663,Krishna,Rao,Mumbai,Maharashtra,2024-03-11,Silver
BM-C01664,Myra,Reddy,Kolkata,West Bengal,2023-08-19,Platinum
BM-C01665,Aadhya,Reddy,Pune,Maharashtra,2021-07-25,Bronze
BM-C01666,Navya,Patel,Mumbai,Maharashtra,2022-04-26,Silver
BM-C01667,Navya,Iyer,Jaipur,Rajasthan,2020-10-26,Bronze
BM-C01668,Navya,Iyer,Jaipur,Rajasthan,2023-06-08,Gold
BM-C01669,Aarav,Sharma,Bengaluru,Karnataka,2023-08-05,Gold
BM-C01670,Ishaan,Nair,Hyderabad,Telangana,2023-04-19,Bronze
BM-C01671,Diya,Iyer,Mumbai,Maharashtra,2024-05-01,Gold
BM-C01672,Vivaan,Verma,Delhi,Delhi,2022-10-26,Gold
BM-C01673,Aarav,Singh,Lucknow,Uttar Pradesh,2021-11-19,Silver
BM-C01674,Riya,Rao,Lucknow,Uttar Pradesh,2024-01-25,Silver
BM-C01675,Ishaan,Iyer,Pune,Maharashtra,2024-09-03,Silver
BM-C01676,Anika,Reddy,Kolkata,West Bengal,2019-11-23,Gold
BM-C01677,Riya,Reddy,Jaipur,Rajasthan,2022-01-27,Platinum
BM-C01678,Arjun,Nair,Delhi,Delhi,2022-07-04,Bronze
BM-C01679,Vivaan,Nair,Delhi,Delhi,2020-02-09,Platinum
BM-C01680,Myra,Verma,Hyderabad,Telangana,2022-02-21,Platinum
BM-C01681,Navya,Rao,Lucknow,Uttar Pradesh,2022-05-11,Gold
BM-C01682,Pari,Nair,Lucknow,Uttar Pradesh,2022-09-29,Platinum
BM-C01683,Sai,Gupta,Kolkata,West Bengal,2023-04-21,Silver
BM-C01684,Myra,Gupta,Ahmedabad,Gujarat,2024-12-28,Bronze
BM-C01685,Myra,Singh,Hyderabad,Telangana,2019-04-12,Silver
BM-C01686,Diya,Verma,Jaipur,Rajasthan,2024-02-13,Platinum
BM-C01687,Vihaan,Patel,Delhi,Delhi,2023-11-12,Gold
BM-C01688,Anika,Gupta,Mumbai,Maharashtra,2020-01-01,Gold
BM-C01689,Diya,Iyer,Chennai,Tamil Nadu,2021-07-02,Platinum
BM-C01690,Arjun,Gupta,Mumbai,Maharashtra,2024-01-06,Platinum
BM-C01691,Ishaan,Iyer,Mumbai,Maharashtra,2020-10-31,Silver
BM-C01692,Aarav,Verma,Ahmedabad,Gujarat,2023-08-29,Gold
BM-C01693,Vivaan,Nair,Delhi,Delhi,2023-02-03,Gold
BM-C01694,Myra,Patel,Lucknow,Uttar Pradesh,2022-03-18,Platinum
BM-C01695,Arjun,Gupta,Lucknow,Uttar Pradesh,2023-04-18,Platinum
BM-C01696,Myra,Gupta,Ahmedabad,Gujarat,2021-10-07,Bronze
BM-C01697,Ira,Nair,Lucknow,Uttar Pradesh,2022-04-18,Silver
BM-C01698,Ananya,Rao,Kolkata,West Bengal,2019-05-23,Platinum
BM-C01699,Aditya,Gupta,Chennai,Tamil Nadu,2019-03-19,Gold
BM-C01700,Vihaan,Rao,Jaipur,Rajasthan,2019-09-22,Silver
BM-C01701,Navya,Mehta,Lucknow,Uttar Pradesh,2019-06-14,Silver
BM-C01702,Anika,Sharma,Ahmedabad,Gujarat,2020-01-09,Silver
BM-C01703,Krishna,Reddy,Mumbai,Maharashtra,2021-02-01,Platinum
BM-C01704,Navya,Mehta,Delhi,Delhi,2021-09-22,Platinum
BM-C01705,Vivaan,Singh,Lucknow,Uttar Pradesh,2019-03-14,Gold
BM-C01706,Sai,Nair,Kolkata,West Bengal,2019-03-16,Gold
BM-C01707,Krishna,Verma,Kolkata,West Bengal,2019-12-23,Bronze
BM-C01708,Sai,Iyer,Jaipur,Rajasthan,2020-03-23,Silver
BM-C01709,Aditya,Gupta,Chennai,Tamil Nadu,2021-08-11,Platinum
BM-C01710,Vivaan,Mehta,Bengaluru,Karnataka,2021-10-07,Silver
BM-C01711,Vivaan,Iyer,Mumbai,Maharashtra,2022-04-26,Bronze
BM-C01712,Arjun,Nair,Pune,Maharashtra,2021-10-04,Gold
BM-C01713,Vihaan,Sharma,Kolkata,West Bengal,2020-09-21,Silver
BM-C01714,Riya,Reddy,Lucknow,Uttar Pradesh,2023-03-12,Platinum
BM-C01715,Krishna,Sharma,Delhi,Delhi,2021-09-16,Platinum
BM-C01716,Saanvi,Verma,Jaipur,Rajasthan,2023-02-13,Bronze
BM-C01717,Ayaan,Sharma,Kolkata,West Bengal,2021-04-16,Bronze
BM-C01718,Navya,Gupta,Hyderabad,Telangana,2021-08-04,Platinum
BM-C01719,Aditya,Rao,Ahmedabad,Gujarat,2020-09-24,Silver
BM-C01720,Navya,Gupta,Pune,Maharashtra,2021-01-31,Platinum
BM-C01721,Myra,Sharma,Jaipur,Rajasthan,2019-01-04,Platinum
BM-C01722,Ishaan,Gupta,Lucknow,Uttar Pradesh,2019-01-02,Bronze
BM-C01723,Krishna,Mehta,Ahmedabad,Gujarat,2021-02-18,Platinum
BM-C01724,Reyansh,Mehta,Pune,Maharashtra,2023-05-05,Gold
BM-C01725,Sai,Rao,Mumbai,Maharashtra,2023-10-16,Bronze
BM-C01726,Aditya,Nair,Chennai,Tamil Nadu,2024-12-09,Bronze
BM-C01727,Navya,Iyer,Bengaluru,Karnataka,2022-09-04,Silver
BM-C01728,Anika,Patel,Lucknow,Uttar Pradesh,2024-10-20,Gold
BM-C01729,Myra,Iyer,Chennai,Tamil Nadu,2021-02-03,Gold
BM-C01730,Reyansh,Singh,Pune,Maharashtra,2024-02-06,Gold
BM-C01731,Arjun,Sharma,Mumbai,Maharashtra,2024-03-06,Platinum
BM-C01732,Aarav,Gupta,Mumbai,Maharashtra,2022-07-07,Platinum
BM-C01733,Navya,Verma,Kolkata,West Bengal,2024-07-09,Bronze
BM-C01734,Aarav,Singh,Jaipur,Rajasthan,2024-09-19,Bronze
BM-C01735,Aadhya,Mehta,Pune,Maharashtra,2022-01-17,Platinum
BM-C01736,Aarav,Verma,Bengaluru,Karnataka,2022-12-08,Gold
BM-C01737,Myra,Sharma,Hyderabad,Telangana,2020-11-19,Bronze
BM-C01738,Diya,Reddy,Chennai,Tamil Nadu,2019-10-07,Gold
BM-C01739,Ayaan,Singh,Hyderabad,Telangana,2022-02-01,Bronze
BM-C01740,Pari,Mehta,Chennai,Tamil Nadu,2020-10-11,Bronze
BM-C01741,Aadhya,Verma,Hyderabad,Telangana,2021-05-11,Platinum
BM-C01742,Navya,Reddy,Bengaluru,Karnataka,2024-08-12,Silver
BM-C01743,Riya,Gupta,Delhi,Delhi,2019-07-22,Silver
BM-C01744,Riya,Reddy,Chennai,Tamil Nadu,2023-06-14,Gold
BM-C01745,Aarav,Rao,Hyderabad,Telangana,2024-03-24,Gold
BM-C01746,Myra,Sharma,Jaipur,Rajasthan,2022-08-19,Bronze
BM-C01747,Saanvi,Nair,Pune,Maharashtra,2021-05-01,Bronze
BM-C01748,Myra,Singh,Jaipur,Rajasthan,2022-01-28,Bronze
BM-C01749,Vivaan,Iyer,Hyderabad,Telangana,2022-07-29,Platinum
BM-C01750,Aarav,Nair,Pune,Maharashtra,2020-08-27,Gold
BM-C01751,Riya,Sharma,Delhi,Delhi,2020-12-02,Platinum
BM-C01752,Ayaan,Reddy,Delhi,Delhi,2020-05-26,Gold
BM-C01753,Aditya,Verma,Chennai,Tamil Nadu,2019-03-28,Platinum
BM-C01754,Aarav,Mehta,Kolkata,West Bengal,2024-04-29,Gold
BM-C01755,Ayaan,Verma,Chennai,Tamil Nadu,2023-01-11,Silver
BM-C01756,Vivaan,Patel,Pune,Maharashtra,2023-06-03,Silver
BM-C01757,Ira,Mehta,Delhi,Delhi,2022-09-24,Bronze
BM-C01758,Riya,Verma,Ahmedabad,Gujarat,2019-09-23,Bronze
BM-C01759,Aadhya,Patel,Mumbai,Maharashtra,2024-11-24,Bronze
BM-C01760,Vivaan,Singh,Bengaluru,Karnataka,2019-06-20,Gold
BM-C01761,Saanvi,Verma,Lucknow,Uttar Pradesh,2019-11-13,Bronze
BM-C01762,Vivaan,Iyer,Jaipur,Rajasthan,2022-03-31,Platinum
BM-C01763,Ira,Nair,Delhi,Delhi,2020-12-25,Bronze
BM-C01764,Aadhya,Singh,Ahmedabad,Gujarat,2022-08-23,Bronze
BM-C01765,Aarav,Singh,Pune,Maharashtra,2023-05-26,Gold
BM-C01766,Reyansh,Verma,Lucknow,Uttar Pradesh,2019-11-16,Bronze
BM-C01767,Aditya,Mehta,Lucknow,Uttar Pradesh,2020-08-24,Silver
BM-C01768,Krishna,Patel,Jaipur,Rajasthan,2022-08-01,Platinum
BM-C01769,Myra,Gupta,Lucknow,Uttar Pradesh,2021-01-25,Silver
BM-C01770,Vivaan,Gupta,Mumbai,Maharashtra,2021-08-26,Platinum
BM-C01771,Diya,Iyer,Jaipur,Rajasthan,2023-12-19,Silver
BM-C01772,Pari,Iyer,Bengaluru,Karnataka,2024-02-18,Gold
BM-C01773,Diya,Sharma,Chennai,Tamil Nadu,2023-05-28,Silver
BM-C01774,Ayaan,Rao,Mumbai,Maharashtra,2023-10-05,Bronze
BM-C01775,Diya,Reddy,Kolkata,West Bengal,2020-09-14,Silver
BM-C01776,Ananya,Reddy,Delhi,Delhi,2024-09-05,Platinum
BM-C01777,Ira,Patel,Ahmedabad,Gujarat,2023-12-03,Gold
BM-C01778,Ishaan,Nair,Lucknow,Uttar Pradesh,2021-10-17,Silver
BM-C01779,Myra,Sharma,Delhi,Delhi,2023-03-21,Silver
BM-C01780,Ayaan,Reddy,Mumbai,Maharashtra,2022-12-20,Silver
BM-C01781,Pari,Patel,Hyderabad,Telangana,2022-03-13,Silver
BM-C01782,Sai,Sharma,Kolkata,West Bengal,2022-02-01,Bronze
BM-C01783,Diya,Sharma,Delhi,Delhi,2023-09-20,Bronze
BM-C01784,Ishaan,Singh,Bengaluru,Karnataka,2020-08-26,Gold
BM-C01785,Aarav,Reddy,Mumbai,Maharashtra,2020-09-06,Gold
BM-C01786,Ayaan,Iyer,Bengaluru,Karnataka,2020-06-25,Gold
BM-C01787,Ayaan,Gupta,Jaipur,Rajasthan,2020-08-31,Bronze
BM-C01788,Krishna,Verma,Bengaluru,Karnataka,2019-03-07,Silver
BM-C01789,Vihaan,Patel,Kolkata,West Bengal,2020-10-15,Gold
BM-C01790,Ayaan,Patel,Ahmedabad,Gujarat,2022-03-02,Silver
BM-C01791,Ira,Nair,Jaipur,Rajasthan,2019-07-23,Bronze
BM-C01792,Arjun,Reddy,Bengaluru,Karnataka,2020-08-18,Platinum
BM-C01793,Ananya,Mehta,Pune,Maharashtra,2022-08-27,Silver
BM-C01794,Ira,Mehta,Mumbai,Maharashtra,2020-08-10,Gold
BM-C01795,Ananya,Reddy,Bengaluru,Karnataka,2019-06-15,Gold
BM-C01796,Anika,Mehta,Bengaluru,Karnataka,2023-02-28,Silver
BM-C01797,Pari,Mehta,Delhi,Delhi,2019-07-21,Silver
BM-C01798,Aadhya,Rao,Jaipur,Rajasthan,2022-03-08,Platinum
BM-C01799,Myra,Gupta,Jaipur,Rajasthan,2021-09-26,Gold
BM-C01800,Pari,Singh,Jaipur,Rajasthan,2023-01-11,Gold
BM-C01801,Aadhya,Mehta,Lucknow,Uttar Pradesh,2024-07-11,Bronze
BM-C01802,Ayaan,Reddy,Hyderabad,Telangana,2022-11-05,Silver
BM-C01803,Reyansh,Iyer,Kolkata,West Bengal,2022-08-13,Platinum
BM-C01804,Sai,Patel,Lucknow,Uttar Pradesh,2021-03-01,Bronze
BM-C01805,Aditya,Iyer,Bengaluru,Karnataka,2022-10-13,Gold
BM-C01806,Riya,Sharma,Hyderabad,Telangana,2022-12-16,Gold
BM-C01807,Myra,Singh,Kolkata,West Bengal,2022-09-05,Platinum
BM-C01808,Pari,Patel,Pune,Maharashtra,2021-04-28,Platinum
BM-C01809,Sai,Singh,Mumbai,Maharashtra,2020-12-27,Gold
BM-C01810,Diya,Verma,Delhi,Delhi,2021-07-04,Bronze
BM-C01811,Ayaan,Verma,Chennai,Tamil Nadu,2020-01-04,Bronze
BM-C01812,Vivaan,Rao,Pune,Maharashtra,2020-09-14,Gold
BM-C01813,Ananya,Iyer,Hyderabad,Telangana,2021-07-29,Gold
BM-C01814,Ira,Gupta,Hyderabad,Telangana,2023-08-15,Gold
BM-C01815,Ishaan,Iyer,Mumbai,Maharashtra,2021-12-12,Platinum
BM-C01816,Riya,Sharma,Kolkata,West Bengal,2023-01-06,Silver
BM-C01817,Ayaan,Reddy,Kolkata,West Bengal,2020-10-14,Platinum
BM-C01818,Anika,Mehta,Hyderabad,Telangana,2023-09-13,Platinum
BM-C01819,Ananya,Verma,Ahmedabad,Gujarat,2021-08-30,Silver
BM-C01820,Saanvi,Reddy,Kolkata,West Bengal,2022-09-24,Platinum
BM-C01821,Aarav,Patel,Jaipur,Rajasthan,2020-03-07,Silver
BM-C01822,Aarav,Singh,Chennai,Tamil Nadu,2024-08-08,Gold
BM-C01823,Ayaan,Nair,Pune,Maharashtra,2022-08-15,Platinum
BM-C01824,Ishaan,Patel,Jaipur,Rajasthan,2023-12-29,Bronze
BM-C01825,Vivaan,Gupta,Lucknow,Uttar Pradesh,2020-04-22,Gold
BM-C01826,Ira,Mehta,Lucknow,Uttar Pradesh,2023-11-18,Platinum
BM-C01827,Reyansh,Nair,Kolkata,West Bengal,2019-07-17,Platinum
BM-C01828,Pari,Verma,Hyderabad,Telangana,2021-10-18,Platinum
BM-C01829,Aditya,Gupta,Chennai,Tamil Nadu,2019-11-21,Silver
BM-C01830,Ira,Singh,Mumbai,Maharashtra,2019-03-25,Silver
BM-C01831,Aditya,Nair,Hyderabad,Telangana,2021-05-31,Silver
BM-C01832,Ishaan,Rao,Hyderabad,Telangana,2019-08-06,Platinum
BM-C01833,Diya,Rao,Mumbai,Maharashtra,2019-02-04,Silver
BM-C01834,Saanvi,Nair,Pune,Maharashtra,2020-05-02,Bronze
BM-C01835,Navya,Nair,Bengaluru,Karnataka,2023-01-25,Bronze
BM-C01836,Reyansh,Gupta,Kolkata,West Bengal,2020-10-01,Gold
BM-C01837,Pari,Gupta,Kolkata,West Bengal,2024-02-19,Gold
BM-C01838,Reyansh,Rao,Lucknow,Uttar Pradesh,2024-10-28,Platinum
BM-C01839,Reyansh,Sharma,Chennai,Tamil Nadu,2020-03-19,Platinum
BM-C01840,Aadhya,Mehta,Delhi,Delhi,2021-02-05,Gold
BM-C01841,Pari,Singh,Lucknow,Uttar Pradesh,2022-12-08,Bronze
BM-C01842,Ishaan,Singh,Delhi,Delhi,2021-12-13,Gold
BM-C01843,Ira,Gupta,Kolkata,West Bengal,2022-07-13,Silver
BM-C01844,Ira,Nair,Bengaluru,Karnataka,2022-11-23,Platinum
BM-C01845,Riya,Verma,Bengaluru,Karnataka,2022-05-07,Bronze
BM-C01846,Sai,Iyer,Hyderabad,Telangana,2024-05-05,Gold
BM-C01847,Reyansh,Singh,Delhi,Delhi,2022-07-01,Bronze
BM-C01848,Aditya,Verma,Pune,Maharashtra,2023-04-17,Gold
BM-C01849,Myra,Gupta,Kolkata,West Bengal,2021-02-24,Silver
BM-C01850,Vivaan,Singh,Jaipur,Rajasthan,2019-03-25,Bronze
BM-C01851,Aadhya,Patel,Ahmedabad,Gujarat,2022-05-25,Silver
BM-C01852,Vivaan,Sharma,Kolkata,West Bengal,2021-02-17,Bronze
BM-C01853,Ananya,Singh,Bengaluru,Karnataka,2023-02-15,Platinum
BM-C01854,Aditya,Rao,Delhi,Delhi,2024-08-03,Silver
BM-C01855,Arjun,Singh,Ahmedabad,Gujarat,2021-05-17,Silver
BM-C01856,Aarav,Mehta,Bengaluru,Karnataka,2019-11-09,Silver
BM-C01857,Vihaan,Rao,Chennai,Tamil Nadu,2022-04-29,Silver
BM-C01858,Aarav,Iyer,Delhi,Delhi,2020-04-21,Platinum
BM-C01859,Sai,Reddy,Pune,Maharashtra,2019-04-18,Silver
BM-C01860,Vivaan,Rao,Ahmedabad,Gujarat,2024-06-14,Bronze
BM-C01861,Ishaan,Singh,Kolkata,West Bengal,2019-06-12,Bronze
BM-C01862,Aadhya,Reddy,Mumbai,Maharashtra,2021-02-14,Gold
BM-C01863,Reyansh,Verma,Hyderabad,Telangana,2019-02-19,Platinum
BM-C01864,Aarav,Patel,Mumbai,Maharashtra,2020-08-19,Bronze
BM-C01865,Vihaan,Gupta,Hyderabad,Telangana,2020-06-02,Bronze
BM-C01866,Anika,Verma,Kolkata,West Bengal,2021-10-13,Gold
BM-C01867,Reyansh,Mehta,Jaipur,Rajasthan,2020-10-05,Platinum
BM-C01868,Vihaan,Reddy,Kolkata,West Bengal,2020-10-26,Bronze
BM-C01869,Ananya,Gupta,Pune,Maharashtra,2019-02-16,Platinum
BM-C01870,Aarav,Nair,Pune,Maharashtra,2020-10-23,Platinum
BM-C01871,Aditya,Iyer,Hyderabad,Telangana,2024-07-12,Gold
BM-C01872,Aditya,Reddy,Mumbai,Maharashtra,2022-07-01,Gold
BM-C01873,Pari,Verma,Lucknow,Uttar Pradesh,2023-07-24,Silver
BM-C01874,Vihaan,Mehta,Chennai,Tamil Nadu,2021-10-04,Platinum
BM-C01875,Ananya,Gupta,Bengaluru,Karnataka,2024-05-27,Gold
BM-C01876,Aditya,Patel,Ahmedabad,Gujarat,2019-02-24,Platinum
BM-C01877,Anika,Reddy,Kolkata,West Bengal,2023-04-14,Bronze
BM-C01878,Aarav,Mehta,Hyderabad,Telangana,2020-01-21,Gold
BM-C01879,Saanvi,Reddy,Hyderabad,Telangana,2024-04-09,Bronze
BM-C01880,Arjun,Patel,Mumbai,Maharashtra,2023-03-30,Gold
BM-C01881,Arjun,Nair,Hyderabad,Telangana,2020-09-27,Bronze
BM-C01882,Ira,Singh,Hyderabad,Telangana,2021-10-18,Silver
BM-C01883,Ananya,Sharma,Chennai,Tamil Nadu,2023-06-07,Platinum
BM-C01884,Aarav,Reddy,Chennai,Tamil Nadu,2021-10-26,Gold
BM-C01885,Reyansh,Rao,Hyderabad,Telangana,2019-06-18,Silver
BM-C01886,Ira,Nair,Hyderabad,Telangana,2023-06-09,Gold
BM-C01887,Myra,Sharma,Bengaluru,Karnataka,2019-07-20,Platinum
BM-C01888,Reyansh,Sharma,Delhi,Delhi,2024-05-24,Silver
BM-C01889,Arjun,Verma,Hyderabad,Telangana,2020-06-23,Silver
BM-C01890,Anika,Verma,Hyderabad,Telangana,2022-08-17,Platinum
BM-C01891,Sai,Reddy,Chennai,Tamil Nadu,2021-01-30,Platinum
BM-C01892,Ira,Reddy,Bengaluru,Karnataka,2021-07-30,Gold
BM-C01893,Myra,Reddy,Lucknow,Uttar Pradesh,2021-04-24,Platinum
BM-C01894,Diya,Nair,Delhi,Delhi,2022-03-19,Silver
BM-C01895,Myra,Nair,Ahmedabad,Gujarat,2023-04-19,Platinum
BM-C01896,Pari,Sharma,Bengaluru,Karnataka,2022-03-31,Platinum
BM-C01897,Ishaan,Mehta,Delhi,Delhi,2023-07-28,Silver
BM-C01898,Sai,Iyer,Jaipur,Rajasthan,2022-03-28,Platinum
BM-C01899,Myra,Iyer,Chennai,Tamil Nadu,2022-03-11,Platinum
BM-C01900,Ananya,Gupta,Delhi,Delhi,2022-12-28,Silver
BM-C01901,Reyansh,Sharma,Bengaluru,Karnataka,2019-02-09,Gold
BM-C01902,Aadhya,Nair,Ahmedabad,Gujarat,2022-05-11,Gold
BM-C01903,Pari,Iyer,Kolkata,West Bengal,2024-06-14,Bronze
BM-C01904,Vivaan,Verma,Kolkata,West Bengal,2022-04-10,Silver
BM-C01905,Saanvi,Iyer,Hyderabad,Telangana,2021-12-18,Platinum
BM-C01906,Vivaan,Nair,Pune,Maharashtra,2022-08-10,Silver
BM-C01907,Pari,Sharma,Hyderabad,Telangana,2022-01-27,Bronze
BM-C01908,Krishna,Mehta,Bengaluru,Karnataka,2022-11-16,Silver
BM-C01909,Ayaan,Mehta,Chennai,Tamil Nadu,2023-12-02,Silver
BM-C01910,Vihaan,Verma,Mumbai,Maharashtra,2024-06-25,Platinum
BM-C01911,Riya,Verma,Kolkata,West Bengal,2023-05-31,Silver
BM-C01912,Sai,Nair,Kolkata,West Bengal,2021-02-24,Gold
BM-C01913,Navya,Nair,Jaipur,Rajasthan,2023-12-26,Gold
BM-C01914,Aditya,Verma,Kolkata,West Bengal,2024-05-30,Gold
BM-C01915,Krishna,Reddy,Bengaluru,Karnataka,2022-05-21,Gold
BM-C01916,Sai,Singh,Mumbai,Maharashtra,2019-01-05,Bronze
BM-C01917,Saanvi,Rao,Delhi,Delhi,2022-07-19,Gold
BM-C01918,Sai,Gupta,Kolkata,West Bengal,2022-03-10,Silver
BM-C01919,Reyansh,Singh,Bengaluru,Karnataka,2020-07-19,Bronze
BM-C01920,Riya,Reddy,Ahmedabad,Gujarat,2020-07-30,Silver
BM-C01921,Sai,Reddy,Mumbai,Maharashtra,2021-03-16,Platinum
BM-C01922,Ira,Verma,Ahmedabad,Gujarat,2024-05-31,Silver
BM-C01923,Ishaan,Verma,Delhi,Delhi,2022-03-19,Bronze
BM-C01924,Aditya,Patel,Chennai,Tamil Nadu,2019-04-03,Silver
BM-C01925,Pari,Verma,Ahmedabad,Gujarat,2019-01-30,Bronze
BM-C01926,Aarav,Mehta,Chennai,Tamil Nadu,2019-05-11,Bronze
BM-C01927,Anika,Sharma,Hyderabad,Telangana,2022-03-13,Gold
BM-C01928,Pari,Patel,Ahmedabad,Gujarat,2024-02-21,Platinum
BM-C01929,Diya,Patel,Pune,Maharashtra,2021-09-06,Silver
BM-C01930,Aadhya,Nair,Pune,Maharashtra,2024-03-12,Bronze
BM-C01931,Ananya,Verma,Pune,Maharashtra,2019-01-10,Platinum
BM-C01932,Arjun,Sharma,Kolkata,West Bengal,2024-02-14,Bronze
BM-C01933,Krishna,Reddy,Jaipur,Rajasthan,2022-02-18,Platinum
BM-C01934,Pari,Rao,Lucknow,Uttar Pradesh,2022-07-07,Silver
BM-C01935,Ananya,Sharma,Mumbai,Maharashtra,2024-05-23,Gold
BM-C01936,Ananya,Singh,Mumbai,Maharashtra,2020-12-26,Platinum
BM-C01937,Ira,Verma,Kolkata,West Bengal,2021-12-18,Platinum
BM-C01938,Vihaan,Nair,Ahmedabad,Gujarat,2021-07-02,Silver
BM-C01939,Anika,Mehta,Bengaluru,Karnataka,2023-04-17,Bronze
BM-C01940,Pari,Verma,Bengaluru,Karnataka,2021-07-25,Platinum
BM-C01941,Myra,Verma,Bengaluru,Karnataka,2023-02-07,Silver
BM-C01942,Reyansh,Gupta,Hyderabad,Telangana,2024-08-11,Bronze
BM-C01943,Saanvi,Sharma,Delhi,Delhi,2020-05-12,Gold
BM-C01944,Krishna,Reddy,Kolkata,West Bengal,2021-03-11,Platinum
BM-C01945,Arjun,Rao,Delhi,Delhi,2024-05-22,Platinum
BM-C01946,Ananya,Reddy,Delhi,Delhi,2023-11-25,Bronze
BM-C01947,Aadhya,Nair,Pune,Maharashtra,2024-07-24,Platinum
BM-C01948,Ayaan,Iyer,Hyderabad,Telangana,2019-12-26,Gold
BM-C01949,Vihaan,Verma,Delhi,Delhi,2021-11-23,Silver
BM-C01950,Riya,Patel,Delhi,Delhi,2020-01-31,Gold
BM-C01951,Riya,Sharma,Kolkata,West Bengal,2021-08-23,Bronze
BM-C01952,Navya,Reddy,Lucknow,Uttar Pradesh,2022-04-20,Platinum
BM-C01953,Diya,Gupta,Pune,Maharashtra,2023-06-03,Silver
BM-C01954,Aadhya,Sharma,Delhi,Delhi,2023-07-31,Platinum
BM-C01955,Arjun,Iyer,Pune,Maharashtra,2020-11-11,Platinum
BM-C01956,Arjun,Mehta,Ahmedabad,Gujarat,2021-05-30,Silver
BM-C01957,Ira,Patel,Mumbai,Maharashtra,2021-08-17,Bronze
BM-C01958,Riya,Singh,Chennai,Tamil Nadu,2024-05-14,Silver
BM-C01959,Ishaan,Nair,Ahmedabad,Gujarat,2019-07-02,Gold
BM-C01960,Reyansh,Reddy,Bengaluru,Karnataka,2024-12-16,Bronze
BM-C01961,Pari,Nair,Bengaluru,Karnataka,2021-07-18,Silver
BM-C01962,Navya,Nair,Mumbai,Maharashtra,2021-11-14,Platinum
BM-C01963,Diya,Nair,Ahmedabad,Gujarat,2022-04-29,Bronze
BM-C01964,Ishaan,Iyer,Jaipur,Rajasthan,2024-12-03,Silver
BM-C01965,Aadhya,Verma,Jaipur,Rajasthan,2020-02-11,Gold
BM-C01966,Vivaan,Iyer,Lucknow,Uttar Pradesh,2022-11-22,Silver
BM-C01967,Arjun,Singh,Lucknow,Uttar Pradesh,2024-12-02,Platinum
BM-C01968,Arjun,Reddy,Chennai,Tamil Nadu,2020-11-08,Silver
BM-C01969,Diya,Mehta,Mumbai,Maharashtra,2019-11-13,Silver
BM-C01970,Saanvi,Gupta,Kolkata,West Bengal,2019-06-25,Bronze
BM-C01971,Pari,Gupta,Pune,Maharashtra,2019-06-13,Bronze
BM-C01972,Ananya,Mehta,Jaipur,Rajasthan,2022-09-09,Silver
BM-C01973,Ayaan,Sharma,Kolkata,West Bengal,2020-01-05,Silver
BM-C01974,Pari,Iyer,Kolkata,West Bengal,2024-11-07,Silver
BM-C01975,Aditya,Singh,Kolkata,West Bengal,2024-07-13,Platinum
BM-C01976,Myra,Patel,Chennai,Tamil Nadu,2019-02-06,Bronze
BM-C01977,Aditya,Verma,Delhi,Delhi,2023-02-28,Silver
BM-C01978,Riya,Mehta,Mumbai,Maharashtra,2023-11-15,Platinum
BM-C01979,Vihaan,Mehta,Chennai,Tamil Nadu,2020-07-16,Platinum
BM-C01980,Saanvi,Iyer,Ahmedabad,Gujarat,2023-11-11,Silver
BM-C01981,Ananya,Verma,Delhi,Delhi,2023-07-28,Silver
BM-C01982,Aarav,Nair,Kolkata,West Bengal,2023-09-24,Platinum
BM-C01983,Anika,Mehta,Delhi,Delhi,2023-08-02,Bronze
BM-C01984,Vihaan,Gupta,Hyderabad,Telangana,2024-02-05,Silver
BM-C01985,Navya,Singh,Mumbai,Maharashtra,2021-09-03,Bronze
BM-C01986,Arjun,Mehta,Mumbai,Maharashtra,2020-10-02,Silver
BM-C01987,Navya,Iyer,Delhi,Delhi,2019-04-19,Bronze
BM-C01988,Anika,Iyer,Delhi,Delhi,2022-02-03,Silver
BM-C01989,Aarav,Reddy,Kolkata,West Bengal,2021-07-22,Bronze
BM-C01990,Ishaan,Rao,Jaipur,Rajasthan,2022-10-14,Silver
BM-C01991,Pari,Patel,Lucknow,Uttar Pradesh,2023-06-12,Gold
BM-C01992,Navya,Rao,Lucknow,Uttar Pradesh,2020-10-13,Bronze
BM-C01993,Ayaan,Sharma,Mumbai,Maharashtra,2020-08-07,Silver
BM-C01994,Reyansh,Gupta,Chennai,Tamil Nadu,2024-02-14,Silver
BM-C01995,Diya,Iyer,Lucknow,Uttar Pradesh,2020-02-04,Platinum
BM-C01996,Navya,Iyer,Delhi,Delhi,2021-03-20,Platinum
BM-C01997,Aadhya,Singh,Bengaluru,Karnataka,2019-09-16,Gold
BM-C01998,Arjun,Rao,Kolkata,West Bengal,2020-09-25,Bronze
BM-C01999,Reyansh,Patel,Chennai,Tamil Nadu,2023-10-18,Silver
BM-C02000,Arjun,Patel,Kolkata,West Bengal,2022-09-09,Platinum
BM-C02001,Ira,Reddy,Mumbai,Maharashtra,2019-08-29,Gold
BM-C02002,Navya,Verma,Delhi,Delhi,2024-10-26,Platinum
BM-C02003,Ananya,Verma,Delhi,Delhi,2022-02-01,Gold
BM-C02004,Arjun,Reddy,Chennai,Tamil Nadu,2021-04-30,Bronze
BM-C02005,Aadhya,Reddy,Delhi,Delhi,2022-03-22,Bronze
BM-C02006,Sai,Rao,Delhi,Delhi,2021-08-10,Platinum
BM-C02007,Anika,Patel,Delhi,Delhi,2024-12-16,Gold
BM-C02008,Krishna,Mehta,Jaipur,Rajasthan,2019-11-04,Bronze
BM-C02009,Ananya,Nair,Bengaluru,Karnataka,2020-07-15,Gold
BM-C02010,Navya,Mehta,Jaipur,Rajasthan,2022-06-04,Platinum
BM-C02011,Arjun,Iyer,Lucknow,Uttar Pradesh,2019-01-30,Silver
BM-C02012,Arjun,Nair,Bengaluru,Karnataka,2023-10-30,Gold
BM-C02013,Diya,Reddy,Mumbai,Maharashtra,2024-10-08,Platinum
BM-C02014,Sai,Singh,Ahmedabad,Gujarat,2022-01-04,Platinum
BM-C02015,Ishaan,Iyer,Jaipur,Rajasthan,2022-08-22,Silver
BM-C02016,Aditya,Iyer,Chennai,Tamil Nadu,2022-06-16,Gold
BM-C02017,Aditya,Verma,Delhi,Delhi,2021-01-15,Bronze
BM-C02018,Riya,Sharma,Bengaluru,Karnataka,2019-09-20,Gold
BM-C02019,Pari,Sharma,Jaipur,Rajasthan,2022-08-10,Silver
BM-C02020,Pari,Rao,Ahmedabad,Gujarat,2024-10-29,Bronze
BM-C02021,Aarav,Mehta,Kolkata,West Bengal,2020-08-13,Bronze
BM-C02022,Navya,Patel,Kolkata,West Bengal,2021-01-28,Bronze
BM-C02023,Myra,Gupta,Lucknow,Uttar Pradesh,2024-09-26,Silver
BM-C02024,Aditya,Patel,Bengaluru,Karnataka,2020-02-19,Gold
BM-C02025,Saanvi,Singh,Mumbai,Maharashtra,2022-03-23,Silver
BM-C02026,Vihaan,Patel,Pune,Maharashtra,2024-10-10,Silver
BM-C02027,Vihaan,Iyer,Jaipur,Rajasthan,2021-07-18,Platinum
BM-C02028,Krishna,Reddy,Chennai,Tamil Nadu,2019-01-07,Platinum
BM-C02029,Ishaan,Rao,Hyderabad,Telangana,2019-04-21,Platinum
BM-C02030,Pari,Sharma,Lucknow,Uttar Pradesh,2022-01-10,Bronze
BM-C02031,Myra,Patel,Lucknow,Uttar Pradesh,2021-07-15,Gold
BM-C02032,Aarav,Patel,Delhi,Delhi,2020-08-01,Platinum
BM-C02033,Aarav,Verma,Pune,Maharashtra,2022-08-31,Platinum
BM-C02034,Aditya,Rao,Hyderabad,Telangana,2023-05-17,Silver
BM-C02035,Vihaan,Singh,Kolkata,West Bengal,2019-01-22,Silver
BM-C02036,Ayaan,Singh,Chennai,Tamil Nadu,2022-05-13,Gold
BM-C02037,Diya,Nair,Chennai,Tamil Nadu,2020-07-20,Gold
BM-C02038,Myra,Singh,Delhi,Delhi,2020-05-17,Silver
BM-C02039,Saanvi,Sharma,Pune,Maharashtra,2022-01-21,Silver
BM-C02040,Reyansh,Iyer,Delhi,Delhi,2019-05-06,Silver
BM-C02041,Saanvi,Patel,Kolkata,West Bengal,2019-04-09,Silver
BM-C02042,Pari,Iyer,Hyderabad,Telangana,2020-01-05,Platinum
BM-C02043,Navya,Singh,Ahmedabad,Gujarat,2024-10-19,Silver
BM-C02044,Aadhya,Rao,Pune,Maharashtra,2022-04-23,Silver
BM-C02045,Vihaan,Sharma,Delhi,Delhi,2020-01-27,Silver
BM-C02046,Anika,Sharma,Pune,Maharashtra,2024-10-27,Silver
BM-C02047,Ananya,Nair,Mumbai,Maharashtra,2024-01-30,Bronze
BM-C02048,Pari,Iyer,Kolkata,West Bengal,2021-05-26,Platinum
BM-C02049,Saanvi,Reddy,Delhi,Delhi,2024-04-02,Silver
BM-C02050,Sai,Reddy,Jaipur,Rajasthan,2021-05-23,Bronze
BM-C02051,Ayaan,Nair,Chennai,Tamil Nadu,2020-09-08,Platinum
BM-C02052,Anika,Mehta,Delhi,Delhi,2020-07-16,Silver
BM-C02053,Arjun,Reddy,Lucknow,Uttar Pradesh,2020-01-10,Silver
BM-C02054,Vivaan,Iyer,Kolkata,West Bengal,2020-08-20,Silver
BM-C02055,Aarav,Mehta,Kolkata,West Bengal,2020-09-12,Bronze
BM-C02056,Aadhya,Nair,Mumbai,Maharashtra,2023-06-20,Gold
BM-C02057,Ayaan,Patel,Hyderabad,Telangana,2022-08-16,Platinum
BM-C02058,Anika,Nair,Mumbai,Maharashtra,2024-06-23,Bronze
BM-C02059,Vihaan,Iyer,Chennai,Tamil Nadu,2022-02-03,Gold
BM-C02060,Saanvi,Reddy,Pune,Maharashtra,2021-09-20,Bronze
BM-C02061,Vivaan,Sharma,Bengaluru,Karnataka,2019-06-11,Gold
BM-C02062,Ishaan,Singh,Hyderabad,Telangana,2021-05-20,Bronze
BM-C02063,Sai,Iyer,Kolkata,West Bengal,2023-03-07,Gold
BM-C02064,Ishaan,Verma,Pune,Maharashtra,2019-10-29,Bronze
BM-C02065,Arjun,Patel,Jaipur,Rajasthan,2022-01-25,Gold
BM-C02066,Anika,Mehta,Lucknow,Uttar Pradesh,2022-02-28,Silver
BM-C02067,Reyansh,Mehta,Chennai,Tamil Nadu,2022-04-08,Bronze
BM-C02068,Arjun,Mehta,Delhi,Delhi,2020-01-09,Bronze
BM-C02069,Reyansh,Reddy,Lucknow,Uttar Pradesh,2024-12-29,Platinum
BM-C02070,Aditya,Rao,Delhi,Delhi,2024-04-07,Gold
BM-C02071,Pari,Reddy,Chennai,Tamil Nadu,2023-07-16,Silver
BM-C02072,Arjun,Reddy,Mumbai,Maharashtra,2022-07-23,Gold
BM-C02073,Diya,Patel,Jaipur,Rajasthan,2022-10-25,Bronze
BM-C02074,Aditya,Singh,Kolkata,West Bengal,2022-07-25,Bronze
BM-C02075,Ira,Iyer,Bengaluru,Karnataka,2024-12-04,Silver
BM-C02076,Vivaan,Mehta,Chennai,Tamil Nadu,2019-07-08,Silver
BM-C02077,Pari,Rao,Kolkata,West Bengal,2023-05-15,Bronze
BM-C02078,Myra,Rao,Bengaluru,Karnataka,2022-04-08,Platinum
BM-C02079,Ira,Iyer,Kolkata,West Bengal,2020-10-04,Silver
BM-C02080,Sai,Mehta,Mumbai,Maharashtra,2020-11-07,Bronze
BM-C02081,Myra,Rao,Jaipur,Rajasthan,2023-06-20,Gold
BM-C02082,Ayaan,Iyer,Chennai,Tamil Nadu,2021-04-14,Bronze
BM-C02083,Ayaan,Sharma,Bengaluru,Karnataka,2023-07-16,Silver
BM-C02084,Vivaan,Gupta,Chennai,Tamil Nadu,2021-05-12,Silver
BM-C02085,Vivaan,Reddy,Chennai,Tamil Nadu,2020-10-14,Bronze
BM-C02086,Diya,Mehta,Mumbai,Maharashtra,2022-02-20,Gold
BM-C02087,Navya,Iyer,Delhi,Delhi,2020-02-20,Platinum
BM-C02088,Ishaan,Patel,Lucknow,Uttar Pradesh,2019-06-27,Bronze
BM-C02089,Ayaan,Iyer,Pune,Maharashtra,2020-07-03,Gold
BM-C02090,Navya,Mehta,Mumbai,Maharashtra,2019-11-27,Platinum
BM-C02091,Ira,Rao,Chennai,Tamil Nadu,2020-10-02,Platinum
BM-C02092,Ananya,Iyer,Hyderabad,Telangana,2020-09-25,Platinum
BM-C02093,Myra,Reddy,Bengaluru,Karnataka,2022-09-10,Gold
BM-C02094,Pari,Verma,Bengaluru,Karnataka,2023-03-21,Silver
BM-C02095,Sai,Gupta,Ahmedabad,Gujarat,2020-08-09,Platinum
BM-C02096,Ishaan,Sharma,Bengaluru,Karnataka,2021-08-21,Silver
BM-C02097,Aadhya,Mehta,Bengaluru,Karnataka,2020-08-06,Bronze
BM-C02098,Aditya,Nair,Bengaluru,Karnataka,2021-01-31,Platinum
BM-C02099,Vihaan,Rao,Kolkata,West Bengal,2020-03-02,Bronze
BM-C02100,Vihaan,Nair,Lucknow,Uttar Pradesh,2022-04-08,Bronze
BM-C02101,Aarav,Sharma,Delhi,Delhi,2020-02-15,Silver
BM-C02102,Krishna,Gupta,Delhi,Delhi,2024-05-03,Bronze
BM-C02103,Vihaan,Rao,Mumbai,Maharashtra,2021-11-17,Bronze
BM-C02104,Arjun,Singh,Hyderabad,Telangana,2023-10-15,Platinum
BM-C02105,Ishaan,Patel,Bengaluru,Karnataka,2023-01-27,Silver
BM-C02106,Vivaan,Rao,Hyderabad,Telangana,2024-11-20,Gold
BM-C02107,Vihaan,Sharma,Jaipur,Rajasthan,2019-05-19,Bronze
BM-C02108,Ishaan,Verma,Jaipur,Rajasthan,2023-05-09,Platinum
BM-C02109,Aarav,Reddy,Bengaluru,Karnataka,2019-03-16,Silver
BM-C02110,Aadhya,Gupta,Kolkata,West Bengal,2022-01-02,Gold
BM-C02111,Aadhya,Verma,Hyderabad,Telangana,2023-03-09,Silver
BM-C02112,Ayaan,Verma,Delhi,Delhi,2021-05-25,Gold
BM-C02113,Ira,Patel,Delhi,Delhi,2020-01-03,Gold
BM-C02114,Vivaan,Mehta,Delhi,Delhi,2020-04-14,Silver
BM-C02115,Anika,Patel,Kolkata,West Bengal,2024-02-06,Silver
BM-C02116,Arjun,Iyer,Kolkata,West Bengal,2024-04-25,Gold
BM-C02117,Vihaan,Iyer,Pune,Maharashtra,2023-04-01,Gold
BM-C02118,Aditya,Sharma,Chennai,Tamil Nadu,2020-04-06,Silver
BM-C02119,Arjun,Nair,Pune,Maharashtra,2022-10-19,Platinum
BM-C02120,Vihaan,Mehta,Delhi,Delhi,2022-08-21,Gold
BM-C02121,Aditya,Patel,Bengaluru,Karnataka,2020-02-01,Silver
BM-C02122,Diya,Patel,Kolkata,West Bengal,2023-03-16,Platinum
BM-C02123,Saanvi,Mehta,Ahmedabad,Gujarat,2024-05-31,Gold
BM-C02124,Ayaan,Nair,Bengaluru,Karnataka,2022-07-24,Platinum
BM-C02125,Navya,Singh,Jaipur,Rajasthan,2023-07-13,Silver
BM-C02126,Aditya,Mehta,Kolkata,West Bengal,2022-08-03,Silver
BM-C02127,Ayaan,Patel,Delhi,Delhi,2019-01-09,Silver
BM-C02128,Diya,Rao,Mumbai,Maharashtra,2023-01-12,Silver
BM-C02129,Vivaan,Patel,Delhi,Delhi,2022-01-26,Silver
BM-C02130,Myra,Gupta,Chennai,Tamil Nadu,2023-09-10,Platinum
BM-C02131,Reyansh,Reddy,Hyderabad,Telangana,2019-06-23,Silver
BM-C02132,Arjun,Nair,Delhi,Delhi,2019-03-23,Platinum
BM-C02133,Vivaan,Verma,Pune,Maharashtra,2024-08-21,Bronze
BM-C02134,Ira,Gupta,Ahmedabad,Gujarat,2019-04-04,Silver
BM-C02135,Arjun,Verma,Pune,Maharashtra,2021-01-31,Bronze
BM-C02136,Riya,Nair,Mumbai,Maharashtra,2020-04-10,Silver
BM-C02137,Arjun,Rao,Ahmedabad,Gujarat,2024-12-10,Gold
BM-C02138,Saanvi,Patel,Ahmedabad,Gujarat,2022-10-11,Bronze
BM-C02139,Vihaan,Gupta,Chennai,Tamil Nadu,2019-07-06,Bronze
BM-C02140,Sai,Rao,Lucknow,Uttar Pradesh,2020-05-13,Bronze
BM-C02141,Saanvi,Singh,Kolkata,West Bengal,2023-09-18,Gold
BM-C02142,Anika,Iyer,Lucknow,Uttar Pradesh,2020-12-07,Platinum
BM-C02143,Krishna,Verma,Bengaluru,Karnataka,2023-06-09,Platinum
BM-C02144,Reyansh,Nair,Bengaluru,Karnataka,2024-04-07,Bronze
BM-C02145,Aadhya,Gupta,Hyderabad,Telangana,2023-10-04,Bronze
BM-C02146,Pari,Patel,Ahmedabad,Gujarat,2024-07-20,Platinum
BM-C02147,Sai,Sharma,Kolkata,West Bengal,2022-02-28,Platinum
BM-C02148,Krishna,Verma,Hyderabad,Telangana,2019-11-21,Bronze
BM-C02149,Ira,Patel,Pune,Maharashtra,2019-03-29,Silver
BM-C02150,Sai,Rao,Chennai,Tamil Nadu,2019-11-27,Bronze
BM-C02151,Ira,Sharma,Hyderabad,Telangana,2021-08-18,Silver
BM-C02152,Reyansh,Sharma,Jaipur,Rajasthan,2021-01-16,Gold
BM-C02153,Riya,Mehta,Delhi,Delhi,2019-05-20,Platinum
BM-C02154,Vivaan,Patel,Mumbai,Maharashtra,2019-10-17,Gold
BM-C02155,Diya,Iyer,Mumbai,Maharashtra,2022-05-21,Silver
BM-C02156,Aadhya,Patel,Pune,Maharashtra,2020-02-07,Bronze
BM-C02157,Saanvi,Rao,Pune,Maharashtra,2019-11-10,Silver
BM-C02158,Riya,Nair,Mumbai,Maharashtra,2023-01-21,Bronze
BM-C02159,Sai,Gupta,Chennai,Tamil Nadu,2024-10-21,Platinum
BM-C02160,Aditya,Reddy,Delhi,Delhi,2020-10-31,Silver
BM-C02161,Anika,Rao,Bengaluru,Karnataka,2024-03-06,Gold
BM-C02162,Arjun,Patel,Ahmedabad,Gujarat,2021-06-22,Gold
BM-C02163,Saanvi,Sharma,Lucknow,Uttar Pradesh,2024-10-22,Platinum
BM-C02164,Reyansh,Mehta,Hyderabad,Telangana,2024-02-29,Bronze
BM-C02165,Riya,Singh,Bengaluru,Karnataka,2019-10-30,Bronze
BM-C02166,Ishaan,Rao,Bengaluru,Karnataka,2019-09-28,Platinum
BM-C02167,Myra,Patel,Delhi,Delhi,2020-06-11,Gold
BM-C02168,Aditya,Iyer,Bengaluru,Karnataka,2023-11-27,Gold
BM-C02169,Aditya,Verma,Pune,Maharashtra,2020-07-10,Platinum
BM-C02170,Pari,Iyer,Chennai,Tamil Nadu,2022-10-05,Silver
BM-C02171,Riya,Singh,Delhi,Delhi,2019-05-04,Gold
BM-C02172,Aadhya,Nair,Chennai,Tamil Nadu,2024-04-09,Silver
BM-C02173,Diya,Rao,Ahmedabad,Gujarat,2024-04-24,Gold
BM-C02174,Aditya,Nair,Pune,Maharashtra,2023-04-21,Platinum
BM-C02175,Vivaan,Mehta,Chennai,Tamil Nadu,2024-06-23,Bronze
BM-C02176,Navya,Sharma,Hyderabad,Telangana,2020-04-25,Bronze
BM-C02177,Aadhya,Gupta,Chennai,Tamil Nadu,2023-11-07,Platinum
BM-C02178,Ayaan,Nair,Delhi,Delhi,2022-12-07,Bronze
BM-C02179,Myra,Singh,Pune,Maharashtra,2024-06-19,Platinum
BM-C02180,Aditya,Gupta,Delhi,Delhi,2019-12-03,Platinum
BM-C02181,Reyansh,Nair,Kolkata,West Bengal,2021-10-18,Bronze
BM-C02182,Ananya,Mehta,Pune,Maharashtra,2023-02-19,Silver
BM-C02183,Vihaan,Iyer,Ahmedabad,Gujarat,2022-11-13,Bronze
BM-C02184,Arjun,Singh,Jaipur,Rajasthan,2020-03-28,Silver
BM-C02185,Riya,Sharma,Pune,Maharashtra,2024-02-11,Platinum
BM-C02186,Diya,Nair,Mumbai,Maharashtra,2023-01-10,Silver
BM-C02187,Reyansh,Sharma,Mumbai,Maharashtra,2024-10-25,Platinum
BM-C02188,Krishna,Gupta,Chennai,Tamil Nadu,2019-09-17,Silver
BM-C02189,Krishna,Nair,Delhi,Delhi,2019-09-11,Gold
BM-C02190,Saanvi,Rao,Ahmedabad,Gujarat,2020-10-27,Gold
BM-C02191,Vivaan,Verma,Bengaluru,Karnataka,2022-08-24,Gold
BM-C02192,Sai,Reddy,Chennai,Tamil Nadu,2021-12-21,Platinum
BM-C02193,Pari,Rao,Ahmedabad,Gujarat,2024-11-10,Silver
BM-C02194,Diya,Mehta,Kolkata,West Bengal,2022-04-24,Bronze
BM-C02195,Ira,Reddy,Jaipur,Rajasthan,2019-08-30,Silver
BM-C02196,Ananya,Sharma,Pune,Maharashtra,2020-04-12,Platinum
BM-C02197,Pari,Patel,Bengaluru,Karnataka,2019-12-19,Platinum
BM-C02198,Anika,Sharma,Chennai,Tamil Nadu,2022-10-31,Silver
BM-C02199,Riya,Verma,Ahmedabad,Gujarat,2019-04-24,Silver
BM-C02200,Saanvi,Rao,Hyderabad,Telangana,2020-05-31,Platinum
BM-C02201,Diya,Reddy,Hyderabad,Telangana,2020-08-16,Bronze
BM-C02202,Diya,Sharma,Pune,Maharashtra,2021-07-27,Gold
BM-C02203,Vihaan,Singh,Jaipur,Rajasthan,2024-07-09,Platinum
BM-C02204,Saanvi,Patel,Kolkata,West Bengal,2021-12-30,Platinum
BM-C02205,Ananya,Verma,Jaipur,Rajasthan,2020-06-30,Platinum
BM-C02206,Diya,Gupta,Kolkata,West Bengal,2023-09-14,Silver
BM-C02207,Saanvi,Nair,Jaipur,Rajasthan,2021-06-04,Platinum
BM-C02208,Ira,Verma,Chennai,Tamil Nadu,2019-09-30,Bronze
BM-C02209,Aarav,Mehta,Delhi,Delhi,2022-07-01,Bronze
BM-C02210,Ira,Rao,Ahmedabad,Gujarat,2019-11-06,Platinum
BM-C02211,Riya,Sharma,Jaipur,Rajasthan,2024-09-05,Gold
BM-C02212,Reyansh,Reddy,Kolkata,West Bengal,2022-11-13,Platinum
BM-C02213,Reyansh,Singh,Delhi,Delhi,2020-01-22,Gold
BM-C02214,Saanvi,Nair,Ahmedabad,Gujarat,2019-01-24,Gold
BM-C02215,Anika,Iyer,Hyderabad,Telangana,2021-04-11,Gold
BM-C02216,Saanvi,Reddy,Chennai,Tamil Nadu,2019-01-13,Platinum
BM-C02217,Aarav,Sharma,Mumbai,Maharashtra,2020-04-21,Gold
BM-C02218,Ira,Patel,Jaipur,Rajasthan,2021-11-07,Silver
BM-C02219,Saanvi,Reddy,Lucknow,Uttar Pradesh,2023-09-23,Platinum
BM-C02220,Ira,Nair,Hyderabad,Telangana,2019-06-10,Platinum
BM-C02221,Aadhya,Gupta,Bengaluru,Karnataka,2022-06-06,Gold
BM-C02222,Sai,Nair,Jaipur,Rajasthan,2020-12-18,Bronze
BM-C02223,Anika,Verma,Bengaluru,Karnataka,2024-05-15,Platinum
BM-C02224,Navya,Gupta,Chennai,Tamil Nadu,2021-09-28,Silver
BM-C02225,Aditya,Sharma,Delhi,Delhi,2022-09-21,Bronze
BM-C02226,Arjun,Sharma,Lucknow,Uttar Pradesh,2024-04-04,Bronze
BM-C02227,Aadhya,Sharma,Lucknow,Uttar Pradesh,2020-02-10,Platinum
BM-C02228,Sai,Reddy,Pune,Maharashtra,2024-07-20,Silver
BM-C02229,Reyansh,Rao,Chennai,Tamil Nadu,2021-01-31,Platinum
BM-C02230,Vivaan,Iyer,Chennai,Tamil Nadu,2019-09-15,Silver
BM-C02231,Riya,Verma,Mumbai,Maharashtra,2019-12-11,Platinum
BM-C02232,Vihaan,Verma,Lucknow,Uttar Pradesh,2020-03-16,Gold
BM-C02233,Sai,Verma,Chennai,Tamil Nadu,2019-08-29,Platinum
BM-C02234,Reyansh,Nair,Pune,Maharashtra,2019-11-09,Platinum
BM-C02235,Saanvi,Verma,Mumbai,Maharashtra,2023-02-20,Bronze
BM-C02236,Saanvi,Nair,Hyderabad,Telangana,2021-09-01,Platinum
BM-C02237,Sai,Iyer,Bengaluru,Karnataka,2019-02-01,Silver
BM-C02238,Ira,Sharma,Lucknow,Uttar Pradesh,2019-12-31,Gold
BM-C02239,Pari,Mehta,Pune,Maharashtra,2024-02-08,Bronze
BM-C02240,Anika,Iyer,Bengaluru,Karnataka,2020-01-13,Silver
BM-C02241,Aarav,Rao,Lucknow,Uttar Pradesh,2019-03-13,Silver
BM-C02242,Diya,Verma,Hyderabad,Telangana,2020-11-05,Bronze
BM-C02243,Arjun,Reddy,Pune,Maharashtra,2019-09-17,Silver
BM-C02244,Krishna,Singh,Chennai,Tamil Nadu,2020-09-11,Bronze
BM-C02245,Navya,Iyer,Pune,Maharashtra,2022-12-22,Platinum
BM-C02246,Anika,Nair,Kolkata,West Bengal,2020-08-22,Gold
BM-C02247,Reyansh,Iyer,Bengaluru,Karnataka,2022-05-05,Bronze
BM-C02248,Riya,Iyer,Lucknow,Uttar Pradesh,2020-05-29,Silver
BM-C02249,Saanvi,Singh,Ahmedabad,Gujarat,2022-08-09,Gold
BM-C02250,Ira,Verma,Pune,Maharashtra,2024-03-01,Platinum
BM-C02251,Reyansh,Mehta,Kolkata,West Bengal,2022-01-01,Gold
BM-C02252,Myra,Gupta,Delhi,Delhi,2019-04-15,Gold
BM-C02253,Saanvi,Iyer,Lucknow,Uttar Pradesh,2024-02-20,Gold
BM-C02254,Aarav,Verma,Kolkata,West Bengal,2020-07-12,Gold
BM-C02255,Sai,Patel,Kolkata,West Bengal,2021-02-01,Bronze
BM-C02256,Diya,Patel,Hyderabad,Telangana,2020-03-26,Gold
BM-C02257,Aarav,Patel,Delhi,Delhi,2024-11-08,Bronze
BM-C02258,Reyansh,Singh,Pune,Maharashtra,2023-10-30,Gold
BM-C02259,Navya,Verma,Hyderabad,Telangana,2022-04-12,Gold
BM-C02260,Reyansh,Rao,Lucknow,Uttar Pradesh,2020-11-06,Bronze
BM-C02261,Krishna,Mehta,Jaipur,Rajasthan,2024-09-16,Bronze
BM-C02262,Saanvi,Nair,Lucknow,Uttar Pradesh,2021-09-14,Gold
BM-C02263,Reyansh,Sharma,Hyderabad,Telangana,2023-03-15,Platinum
BM-C02264,Krishna,Nair,Mumbai,Maharashtra,2020-01-06,Bronze
BM-C02265,Sai,Mehta,Ahmedabad,Gujarat,2021-10-12,Platinum
BM-C02266,Riya,Sharma,Hyderabad,Telangana,2021-06-04,Bronze
BM-C02267,Aarav,Singh,Lucknow,Uttar Pradesh,2021-06-02,Silver
BM-C02268,Vivaan,Rao,Kolkata,West Bengal,2023-06-27,Bronze
BM-C02269,Aarav,Verma,Pune,Maharashtra,2022-12-30,Bronze
BM-C02270,Ishaan,Iyer,Kolkata,West Bengal,2021-09-12,Gold
BM-C02271,Aditya,Rao,Kolkata,West Bengal,2021-08-30,Platinum
BM-C02272,Vivaan,Nair,Lucknow,Uttar Pradesh,2021-07-16,Platinum
BM-C02273,Vihaan,Patel,Ahmedabad,Gujarat,2024-04-03,Bronze
BM-C02274,Ayaan,Sharma,Mumbai,Maharashtra,2019-02-02,Silver
BM-C02275,Ananya,Nair,Delhi,Delhi,2020-12-04,Silver
BM-C02276,Reyansh,Patel,Delhi,Delhi,2023-07-29,Bronze
BM-C02277,Krishna,Sharma,Mumbai,Maharashtra,2019-12-11,Bronze
BM-C02278,Aditya,Iyer,Chennai,Tamil Nadu,2021-10-20,Platinum
BM-C02279,Sai,Gupta,Chennai,Tamil Nadu,2023-12-18,Platinum
BM-C02280,Arjun,Patel,Delhi,Delhi,2020-04-04,Platinum
BM-C02281,Vihaan,Rao,Ahmedabad,Gujarat,2023-06-28,Silver
BM-C02282,Pari,Singh,Lucknow,Uttar Pradesh,2021-05-21,Gold
BM-C02283,Ayaan,Verma,Ahmedabad,Gujarat,2021-03-30,Gold
BM-C02284,Diya,Rao,Delhi,Delhi,2021-01-23,Silver
BM-C02285,Aditya,Singh,Delhi,Delhi,2019-07-07,Silver
BM-C02286,Reyansh,Singh,Mumbai,Maharashtra,2022-04-11,Silver
BM-C02287,Vihaan,Patel,Ahmedabad,Gujarat,2020-10-10,Gold
BM-C02288,Myra,Gupta,Chennai,Tamil Nadu,2023-04-17,Bronze
BM-C02289,Ayaan,Patel,Bengaluru,Karnataka,2022-04-12,Platinum
BM-C02290,Anika,Reddy,Lucknow,Uttar Pradesh,2022-05-28,Silver
BM-C02291,Krishna,Nair,Delhi,Delhi,2020-05-25,Gold
BM-C02292,Vihaan,Gupta,Lucknow,Uttar Pradesh,2022-12-03,Bronze
BM-C02293,Ayaan,Sharma,Delhi,Delhi,2022-12-02,Silver
BM-C02294,Aarav,Singh,Chennai,Tamil Nadu,2024-08-18,Platinum
BM-C02295,Krishna,Verma,Pune,Maharashtra,2023-09-06,Bronze
BM-C02296,Saanvi,Reddy,Pune,Maharashtra,2020-04-12,Platinum
BM-C02297,Saanvi,Rao,Jaipur,Rajasthan,2021-11-02,Bronze
BM-C02298,Krishna,Patel,Ahmedabad,Gujarat,2019-10-31,Bronze
BM-C02299,Saanvi,Reddy,Kolkata,West Bengal,2021-07-02,Silver
BM-C02300,Sai,Mehta,Kolkata,West Bengal,2021-05-07,Platinum
BM-C02301,Saanvi,Verma,Jaipur,Rajasthan,2024-10-17,Bronze
BM-C02302,Vihaan,Reddy,Hyderabad,Telangana,2019-12-24,Bronze
BM-C02303,Riya,Iyer,Mumbai,Maharashtra,2021-01-11,Bronze
BM-C02304,Vihaan,Iyer,Jaipur,Rajasthan,2020-12-04,Platinum
BM-C02305,Aadhya,Verma,Kolkata,West Bengal,2020-11-14,Gold
BM-C02306,Reyansh,Gupta,Ahmedabad,Gujarat,2020-09-24,Gold
BM-C02307,Ira,Iyer,Chennai,Tamil Nadu,2019-01-10,Bronze
BM-C02308,Anika,Mehta,Bengaluru,Karnataka,2023-01-21,Gold
BM-C02309,Sai,Patel,Hyderabad,Telangana,2024-10-18,Bronze
BM-C02310,Sai,Patel,Bengaluru,Karnataka,2022-11-15,Silver
BM-C02311,Pari,Nair,Mumbai,Maharashtra,2021-11-03,Bronze
BM-C02312,Krishna,Verma,Bengaluru,Karnataka,2020-06-14,Bronze
BM-C02313,Diya,Singh,Lucknow,Uttar Pradesh,2023-12-17,Bronze
BM-C02314,Ayaan,Singh,Ahmedabad,Gujarat,2019-12-06,Bronze
BM-C02315,Riya,Iyer,Mumbai,Maharashtra,2020-12-10,Silver
BM-C02316,Vihaan,Verma,Bengaluru,Karnataka,2021-08-04,Gold
BM-C02317,Pari,Patel,Ahmedabad,Gujarat,2023-08-23,Gold
BM-C02318,Krishna,Patel,Ahmedabad,Gujarat,2022-11-26,Bronze
BM-C02319,Ishaan,Patel,Pune,Maharashtra,2023-05-28,Platinum
BM-C02320,Krishna,Rao,Delhi,Delhi,2024-06-10,Bronze
BM-C02321,Saanvi,Reddy,Bengaluru,Karnataka,2024-08-10,Silver
BM-C02322,Pari,Sharma,Pune,Maharashtra,2021-01-29,Platinum
BM-C02323,Reyansh,Verma,Pune,Maharashtra,2020-08-25,Platinum
BM-C02324,Krishna,Rao,Delhi,Delhi,2022-10-27,Silver
BM-C02325,Diya,Patel,Chennai,Tamil Nadu,2022-04-29,Platinum
BM-C02326,Ishaan,Reddy,Chennai,Tamil Nadu,2019-05-08,Gold
BM-C02327,Vihaan,Nair,Lucknow,Uttar Pradesh,2022-11-14,Gold
BM-C02328,Vihaan,Sharma,Chennai,Tamil Nadu,2023-03-31,Silver
BM-C02329,Arjun,Rao,Ahmedabad,Gujarat,2021-06-19,Silver
BM-C02330,Pari,Iyer,Chennai,Tamil Nadu,2019-07-20,Gold
BM-C02331,Myra,Sharma,Mumbai,Maharashtra,2020-11-06,Gold
BM-C02332,Vihaan,Sharma,Lucknow,Uttar Pradesh,2023-02-26,Gold
BM-C02333,Saanvi,Patel,Mumbai,Maharashtra,2024-08-13,Bronze
BM-C02334,Krishna,Gupta,Mumbai,Maharashtra,2021-12-24,Gold
BM-C02335,Navya,Gupta,Jaipur,Rajasthan,2019-09-25,Gold
BM-C02336,Reyansh,Nair,Bengaluru,Karnataka,2023-12-24,Bronze
BM-C02337,Ayaan,Sharma,Chennai,Tamil Nadu,2023-01-10,Gold
BM-C02338,Aadhya,Nair,Hyderabad,Telangana,2022-05-25,Bronze
BM-C02339,Ishaan,Mehta,Chennai,Tamil Nadu,2021-08-23,Silver
BM-C02340,Saanvi,Patel,Lucknow,Uttar Pradesh,2023-12-02,Silver
BM-C02341,Krishna,Gupta,Hyderabad,Telangana,2022-07-17,Silver
BM-C02342,Ishaan,Verma,Chennai,Tamil Nadu,2021-07-12,Platinum
BM-C02343,Sai,Nair,Jaipur,Rajasthan,2022-09-19,Bronze
BM-C02344,Anika,Singh,Bengaluru,Karnataka,2024-11-26,Gold
BM-C02345,Diya,Singh,Jaipur,Rajasthan,2022-01-05,Platinum
BM-C02346,Saanvi,Nair,Ahmedabad,Gujarat,2022-12-04,Bronze
BM-C02347,Aarav,Nair,Jaipur,Rajasthan,2019-10-02,Silver
BM-C02348,Ishaan,Reddy,Lucknow,Uttar Pradesh,2023-12-08,Gold
BM-C02349,Ira,Rao,Bengaluru,Karnataka,2023-10-24,Gold
BM-C02350,Aadhya,Gupta,Mumbai,Maharashtra,2022-06-05,Bronze
BM-C02351,Anika,Singh,Ahmedabad,Gujarat,2019-06-18,Bronze
BM-C02352,Krishna,Verma,Mumbai,Maharashtra,2021-11-02,Bronze
BM-C02353,Riya,Singh,Chennai,Tamil Nadu,2024-11-15,Gold
BM-C02354,Vihaan,Mehta,Mumbai,Maharashtra,2024-09-26,Bronze
BM-C02355,Anika,Gupta,Hyderabad,Telangana,2023-10-13,Platinum
BM-C02356,Ayaan,Gupta,Bengaluru,Karnataka,2021-07-23,Gold
BM-C02357,Pari,Mehta,Mumbai,Maharashtra,2024-11-06,Silver
BM-C02358,Aditya,Sharma,Delhi,Delhi,2020-04-20,Bronze
BM-C02359,Vihaan,Reddy,Jaipur,Rajasthan,2020-09-26,Bronze
BM-C02360,Aarav,Rao,Ahmedabad,Gujarat,2022-10-10,Platinum
BM-C02361,Vihaan,Iyer,Mumbai,Maharashtra,2022-06-10,Platinum
BM-C02362,Ayaan,Rao,Bengaluru,Karnataka,2021-03-19,Platinum
BM-C02363,Vihaan,Nair,Lucknow,Uttar Pradesh,2020-03-30,Bronze
BM-C02364,Arjun,Reddy,Bengaluru,Karnataka,2020-06-14,Silver
BM-C02365,Pari,Iyer,Ahmedabad,Gujarat,2021-06-18,Bronze
BM-C02366,Pari,Patel,Lucknow,Uttar Pradesh,2024-09-05,Gold
BM-C02367,Aadhya,Verma,Kolkata,West Bengal,2022-12-12,Platinum
BM-C02368,Arjun,Sharma,Kolkata,West Bengal,2021-05-30,Platinum
BM-C02369,Riya,Nair,Delhi,Delhi,2019-02-04,Gold
BM-C02370,Ira,Singh,Mumbai,Maharashtra,2019-05-13,Gold
BM-C02371,Myra,Singh,Bengaluru,Karnataka,2021-05-10,Bronze
BM-C02372,Diya,Rao,Bengaluru,Karnataka,2023-04-13,Silver
BM-C02373,Anika,Nair,Pune,Maharashtra,2023-05-13,Bronze
BM-C02374,Arjun,Patel,Bengaluru,Karnataka,2024-07-30,Gold
BM-C02375,Arjun,Iyer,Ahmedabad,Gujarat,2024-08-07,Gold
BM-C02376,Aditya,Singh,Kolkata,West Bengal,2022-03-15,Platinum
BM-C02377,Sai,Mehta,Lucknow,Uttar Pradesh,2023-04-25,Gold
BM-C02378,Ananya,Mehta,Bengaluru,Karnataka,2023-12-10,Gold
BM-C02379,Ira,Nair,Lucknow,Uttar Pradesh,2019-07-29,Bronze
BM-C02380,Sai,Reddy,Mumbai,Maharashtra,2019-10-27,Bronze
BM-C02381,Pari,Patel,Ahmedabad,Gujarat,2020-12-20,Silver
BM-C02382,Sai,Nair,Delhi,Delhi,2022-07-29,Bronze
BM-C02383,Ira,Iyer,Mumbai,Maharashtra,2019-12-22,Bronze
BM-C02384,Myra,Patel,Delhi,Delhi,2024-02-28,Bronze
BM-C02385,Ananya,Verma,Bengaluru,Karnataka,2024-12-10,Platinum
BM-C02386,Arjun,Mehta,Kolkata,West Bengal,2023-09-25,Silver
BM-C02387,Krishna,Singh,Hyderabad,Telangana,2022-09-21,Gold
BM-C02388,Reyansh,Gupta,Hyderabad,Telangana,2022-09-10,Silver
BM-C02389,Riya,Sharma,Delhi,Delhi,2024-05-08,Bronze
BM-C02390,Vivaan,Gupta,Hyderabad,Telangana,2019-01-17,Gold
BM-C02391,Riya,Rao,Kolkata,West Bengal,2019-08-12,Gold
BM-C02392,Anika,Singh,Bengaluru,Karnataka,2020-08-13,Silver
BM-C02393,Pari,Rao,Lucknow,Uttar Pradesh,2021-12-29,Gold
BM-C02394,Navya,Gupta,Lucknow,Uttar Pradesh,2019-07-28,Platinum
BM-C02395,Aadhya,Verma,Kolkata,West Bengal,2023-11-04,Bronze
BM-C02396,Anika,Iyer,Bengaluru,Karnataka,2019-11-10,Bronze
BM-C02397,Ayaan,Sharma,Ahmedabad,Gujarat,2024-02-12,Gold
BM-C02398,Ayaan,Iyer,Mumbai,Maharashtra,2021-02-20,Platinum
BM-C02399,Aditya,Gupta,Pune,Maharashtra,2021-06-13,Bronze
BM-C02400,Riya,Reddy,Jaipur,Rajasthan,2023-05-28,Gold
BM-C02401,Ira,Sharma,Kolkata,West Bengal,2023-08-24,Bronze
BM-C02402,Pari,Iyer,Lucknow,Uttar Pradesh,2024-07-22,Bronze
BM-C02403,Ananya,Nair,Mumbai,Maharashtra,2021-03-21,Silver
BM-C02404,Vivaan,Gupta,Pune,Maharashtra,2020-09-26,Gold
BM-C02405,Ayaan,Singh,Mumbai,Maharashtra,2019-08-15,Bronze
BM-C02406,Aditya,Nair,Pune,Maharashtra,2024-02-02,Bronze
BM-C02407,Pari,Gupta,Jaipur,Rajasthan,2021-04-20,Bronze
BM-C02408,Vivaan,Singh,Delhi,Delhi,2023-04-27,Silver
BM-C02409,Saanvi,Singh,Pune,Maharashtra,2021-07-31,Silver
BM-C02410,Vivaan,Sharma,Mumbai,Maharashtra,2020-09-01,Platinum
BM-C02411,Navya,Singh,Mumbai,Maharashtra,2019-06-11,Platinum
BM-C02412,Arjun,Nair,Kolkata,West Bengal,2024-12-18,Platinum
BM-C02413,Arjun,Verma,Jaipur,Rajasthan,2022-09-22,Bronze
BM-C02414,Diya,Patel,Lucknow,Uttar Pradesh,2020-08-24,Gold
BM-C02415,Vivaan,Reddy,Kolkata,West Bengal,2020-12-21,Bronze
BM-C02416,Aarav,Reddy,Lucknow,Uttar Pradesh,2022-07-07,Bronze
BM-C02417,Ayaan,Sharma,Mumbai,Maharashtra,2019-08-27,Bronze
BM-C02418,Myra,Gupta,Bengaluru,Karnataka,2021-05-27,Bronze
BM-C02419,Diya,Mehta,Pune,Maharashtra,2024-07-28,Silver
BM-C02420,Arjun,Mehta,Chennai,Tamil Nadu,2022-05-20,Platinum
BM-C02421,Aditya,Verma,Delhi,Delhi,2021-02-16,Silver
BM-C02422,Diya,Reddy,Ahmedabad,Gujarat,2022-10-10,Gold
BM-C02423,Navya,Iyer,Pune,Maharashtra,2024-07-23,Silver
BM-C02424,Krishna,Patel,Jaipur,Rajasthan,2024-12-07,Bronze
BM-C02425,Diya,Nair,Mumbai,Maharashtra,2024-04-16,Platinum
BM-C02426,Aditya,Reddy,Chennai,Tamil Nadu,2020-03-02,Silver
BM-C02427,Navya,Reddy,Chennai,Tamil Nadu,2020-01-17,Gold
BM-C02428,Vivaan,Reddy,Bengaluru,Karnataka,2024-12-09,Platinum
BM-C02429,Vihaan,Sharma,Ahmedabad,Gujarat,2023-03-31,Bronze
BM-C02430,Krishna,Mehta,Chennai,Tamil Nadu,2022-04-08,Gold
BM-C02431,Vivaan,Iyer,Delhi,Delhi,2024-03-09,Platinum
BM-C02432,Aarav,Nair,Ahmedabad,Gujarat,2022-04-10,Platinum
BM-C02433,Ayaan,Reddy,Mumbai,Maharashtra,2022-03-24,Silver
BM-C02434,Navya,Sharma,Kolkata,West Bengal,2024-08-13,Gold
BM-C02435,Navya,Patel,Mumbai,Maharashtra,2019-03-22,Gold
BM-C02436,Riya,Reddy,Chennai,Tamil Nadu,2019-03-26,Gold
BM-C02437,Saanvi,Nair,Lucknow,Uttar Pradesh,2019-06-27,Bronze
BM-C02438,Aadhya,Iyer,Jaipur,Rajasthan,2023-07-20,Platinum
BM-C02439,Riya,Mehta,Kolkata,West Bengal,2023-06-01,Gold
BM-C02440,Aadhya,Singh,Bengaluru,Karnataka,2021-01-10,Silver
BM-C02441,Krishna,Iyer,Mumbai,Maharashtra,2019-09-23,Silver
BM-C02442,Ishaan,Patel,Jaipur,Rajasthan,2023-11-10,Platinum
BM-C02443,Ira,Iyer,Mumbai,Maharashtra,2022-01-28,Gold
BM-C02444,Ira,Sharma,Chennai,Tamil Nadu,2020-01-22,Gold
BM-C02445,Ananya,Iyer,Lucknow,Uttar Pradesh,2020-07-09,Platinum
BM-C02446,Aarav,Singh,Ahmedabad,Gujarat,2019-01-28,Platinum
BM-C02447,Diya,Singh,Mumbai,Maharashtra,2024-06-04,Silver
BM-C02448,Vivaan,Mehta,Kolkata,West Bengal,2019-09-05,Gold
BM-C02449,Navya,Patel,Lucknow,Uttar Pradesh,2019-07-18,Platinum
BM-C02450,Krishna,Iyer,Bengaluru,Karnataka,2021-03-17,Platinum
BM-C02451,Ayaan,Gupta,Bengaluru,Karnataka,2020-04-01,Bronze
BM-C02452,Vihaan,Sharma,Hyderabad,Telangana,2020-07-26,Platinum
BM-C02453,Ananya,Sharma,Lucknow,Uttar Pradesh,2023-09-16,Silver
BM-C02454,Krishna,Iyer,Mumbai,Maharashtra,2019-02-20,Gold
BM-C02455,Vivaan,Mehta,Jaipur,Rajasthan,2020-12-30,Gold
BM-C02456,Aditya,Rao,Delhi,Delhi,2022-10-10,Bronze
BM-C02457,Aditya,Reddy,Jaipur,Rajasthan,2020-09-25,Gold
BM-C02458,Diya,Nair,Lucknow,Uttar Pradesh,2019-08-10,Platinum
BM-C02459,Arjun,Sharma,Chennai,Tamil Nadu,2021-10-11,Gold
BM-C02460,Saanvi,Patel,Pune,Maharashtra,2023-01-02,Gold
BM-C02461,Aarav,Gupta,Lucknow,Uttar Pradesh,2022-02-18,Bronze
BM-C02462,Arjun,Mehta,Chennai,Tamil Nadu,2019-03-21,Bronze
BM-C02463,Reyansh,Patel,Lucknow,Uttar Pradesh,2023-05-06,Gold
BM-C02464,Aadhya,Mehta,Hyderabad,Telangana,2019-04-12,Silver
BM-C02465,Aditya,Verma,Kolkata,West Bengal,2020-11-28,Platinum
BM-C02466,Vihaan,Rao,Jaipur,Rajasthan,2019-06-09,Platinum
BM-C02467,Anika,Singh,Jaipur,Rajasthan,2021-09-11,Gold
BM-C02468,Riya,Iyer,Hyderabad,Telangana,2021-01-28,Gold
BM-C02469,Diya,Reddy,Hyderabad,Telangana,2022-11-17,Gold
BM-C02470,Ayaan,Singh,Delhi,Delhi,2022-06-27,Gold
BM-C02471,Diya,Rao,Delhi,Delhi,2023-04-20,Bronze
BM-C02472,Pari,Mehta,Pune,Maharashtra,2020-12-16,Platinum
BM-C02473,Ayaan,Mehta,Kolkata,West Bengal,2020-01-25,Silver
BM-C02474,Riya,Gupta,Kolkata,West Bengal,2024-02-25,Gold
BM-C02475,Ananya,Patel,Chennai,Tamil Nadu,2020-01-02,Bronze
BM-C02476,Saanvi,Rao,Kolkata,West Bengal,2020-04-06,Platinum
BM-C02477,Sai,Singh,Hyderabad,Telangana,2019-02-18,Silver
BM-C02478,Saanvi,Iyer,Delhi,Delhi,2023-09-20,Platinum
BM-C02479,Arjun,Sharma,Delhi,Delhi,2022-09-02,Bronze
BM-C02480,Aditya,Gupta,Bengaluru,Karnataka,2023-05-19,Platinum
BM-C02481,Diya,Gupta,Kolkata,West Bengal,2022-06-03,Silver
BM-C02482,Vihaan,Patel,Chennai,Tamil Nadu,2021-11-11,Bronze
BM-C02483,Aditya,Patel,Mumbai,Maharashtra,2022-10-26,Platinum
BM-C02484,Saanvi,Iyer,Ahmedabad,Gujarat,2023-01-22,Silver
BM-C02485,Riya,Rao,Bengaluru,Karnataka,2019-09-18,Silver
BM-C02486,Riya,Mehta,Mumbai,Maharashtra,2022-02-23,Platinum
BM-C02487,Ananya,Singh,Kolkata,West Bengal,2020-07-03,Gold
BM-C02488,Ayaan,Iyer,Delhi,Delhi,2023-03-13,Gold
BM-C02489,Riya,Rao,Mumbai,Maharashtra,2023-06-20,Platinum
BM-C02490,Ananya,Nair,Chennai,Tamil Nadu,2021-09-16,Silver
BM-C02491,Vivaan,Reddy,Bengaluru,Karnataka,2022-08-30,Gold
BM-C02492,Ira,Patel,Lucknow,Uttar Pradesh,2019-11-06,Gold
BM-C02493,Sai,Verma,Chennai,Tamil Nadu,2021-06-13,Gold
BM-C02494,Myra,Reddy,Ahmedabad,Gujarat,2020-06-10,Gold
BM-C02495,Ira,Verma,Chennai,Tamil Nadu,2020-12-20,Gold
BM-C02496,Vihaan,Reddy,Bengaluru,Karnataka,2023-09-12,Silver
BM-C02497,Ira,Sharma,Mumbai,Maharashtra,2023-08-05,Silver
BM-C02498,Pari,Sharma,Mumbai,Maharashtra,2022-02-22,Silver
BM-C02499,Riya,Nair,Chennai,Tamil Nadu,2022-10-14,Silver
BM-C02500,Ishaan,Verma,Ahmedabad,Gujarat,2020-01-08,Platinum
BM-C02501,Pari,Iyer,Kolkata,West Bengal,2019-09-27,Silver
BM-C02502,Vihaan,Patel,Chennai,Tamil Nadu,2019-09-03,Silver
BM-C02503,Ananya,Gupta,Delhi,Delhi,2023-04-25,Gold
BM-C02504,Myra,Rao,Chennai,Tamil Nadu,2024-09-19,Bronze
BM-C02505,Vivaan,Nair,Pune,Maharashtra,2019-11-09,Gold
BM-C02506,Navya,Sharma,Hyderabad,Telangana,2024-05-25,Bronze
BM-C02507,Arjun,Mehta,Hyderabad,Telangana,2022-03-14,Silver
BM-C02508,Krishna,Singh,Hyderabad,Telangana,2020-04-15,Platinum
BM-C02509,Pari,Iyer,Bengaluru,Karnataka,2020-02-14,Silver
BM-C02510,Anika,Reddy,Delhi,Delhi,2019-01-10,Platinum
BM-C02511,Pari,Rao,Delhi,Delhi,2024-03-13,Silver
BM-C02512,Vivaan,Nair,Bengaluru,Karnataka,2024-11-07,Gold
BM-C02513,Aadhya,Mehta,Lucknow,Uttar Pradesh,2020-12-30,Gold
BM-C02514,Anika,Gupta,Ahmedabad,Gujarat,2021-07-21,Silver
BM-C02515,Pari,Singh,Chennai,Tamil Nadu,2024-05-11,Platinum
BM-C02516,Diya,Rao,Lucknow,Uttar Pradesh,2023-02-03,Gold
BM-C02517,Ayaan,Verma,Delhi,Delhi,2021-06-11,Platinum
BM-C02518,Ananya,Reddy,Ahmedabad,Gujarat,2024-08-20,Platinum
BM-C02519,Sai,Singh,Delhi,Delhi,2021-09-17,Bronze
BM-C02520,Aadhya,Gupta,Pune,Maharashtra,2023-02-11,Platinum
BM-C02521,Saanvi,Reddy,Lucknow,Uttar Pradesh,2019-03-31,Gold
BM-C02522,Anika,Reddy,Chennai,Tamil Nadu,2022-06-24,Bronze
BM-C02523,Ananya,Iyer,Jaipur,Rajasthan,2024-09-28,Gold
BM-C02524,Aadhya,Singh,Kolkata,West Bengal,2022-08-14,Platinum
BM-C02525,Vivaan,Iyer,Chennai,Tamil Nadu,2023-02-17,Silver
BM-C02526,Vivaan,Iyer,Pune,Maharashtra,2022-10-22,Platinum
BM-C02527,Riya,Gupta,Hyderabad,Telangana,2023-07-24,Silver
BM-C02528,Ira,Mehta,Delhi,Delhi,2021-10-21,Silver
BM-C02529,Navya,Sharma,Lucknow,Uttar Pradesh,2019-03-07,Platinum
BM-C02530,Ananya,Patel,Delhi,Delhi,2023-09-14,Bronze
BM-C02531,Anika,Reddy,Mumbai,Maharashtra,2022-01-29,Silver
BM-C02532,Navya,Nair,Bengaluru,Karnataka,2020-12-13,Gold
BM-C02533,Diya,Patel,Bengaluru,Karnataka,2022-07-08,Silver
BM-C02534,Ayaan,Sharma,Jaipur,Rajasthan,2019-04-23,Bronze
BM-C02535,Vihaan,Rao,Jaipur,Rajasthan,2022-05-21,Platinum
BM-C02536,Sai,Iyer,Mumbai,Maharashtra,2021-07-25,Bronze
BM-C02537,Ayaan,Sharma,Hyderabad,Telangana,2021-04-26,Bronze
BM-C02538,Aadhya,Gupta,Kolkata,West Bengal,2021-04-18,Bronze
BM-C02539,Aditya,Rao,Delhi,Delhi,2024-12-25,Platinum
BM-C02540,Aarav,Rao,Mumbai,Maharashtra,2024-02-23,Silver
BM-C02541,Riya,Nair,Delhi,Delhi,2020-08-26,Gold
BM-C02542,Saanvi,Rao,Pune,Maharashtra,2019-03-14,Gold
BM-C02543,Myra,Reddy,Chennai,Tamil Nadu,2019-11-06,Gold
BM-C02544,Pari,Nair,Lucknow,Uttar Pradesh,2021-06-23,Platinum
BM-C02545,Ayaan,Nair,Delhi,Delhi,2023-10-09,Gold
BM-C02546,Ishaan,Rao,Ahmedabad,Gujarat,2023-04-23,Silver
BM-C02547,Aarav,Singh,Kolkata,West Bengal,2022-05-08,Gold
BM-C02548,Vihaan,Singh,Jaipur,Rajasthan,2020-11-27,Bronze
BM-C02549,Ayaan,Singh,Kolkata,West Bengal,2022-02-22,Platinum
BM-C02550,Vihaan,Iyer,Lucknow,Uttar Pradesh,2021-10-29,Silver
BM-C02551,Vihaan,Rao,Delhi,Delhi,2020-06-09,Silver
BM-C02552,Riya,Reddy,Ahmedabad,Gujarat,2019-09-18,Silver
BM-C02553,Ira,Singh,Kolkata,West Bengal,2023-06-15,Silver
BM-C02554,Pari,Iyer,Mumbai,Maharashtra,2022-07-03,Gold
BM-C02555,Arjun,Sharma,Pune,Maharashtra,2021-09-25,Platinum
BM-C02556,Krishna,Reddy,Mumbai,Maharashtra,2023-10-14,Platinum
BM-C02557,Pari,Patel,Jaipur,Rajasthan,2024-07-18,Silver
BM-C02558,Myra,Singh,Pune,Maharashtra,2023-05-18,Bronze
BM-C02559,Saanvi,Verma,Delhi,Delhi,2022-03-13,Silver
BM-C02560,Sai,Rao,Mumbai,Maharashtra,2020-01-13,Silver
BM-C02561,Myra,Verma,Hyderabad,Telangana,2019-05-02,Platinum
BM-C02562,Sai,Rao,Ahmedabad,Gujarat,2023-02-22,Silver
BM-C02563,Saanvi,Nair,Jaipur,Rajasthan,2019-01-29,Gold
BM-C02564,Saanvi,Iyer,Delhi,Delhi,2024-10-03,Gold
BM-C02565,Ananya,Mehta,Jaipur,Rajasthan,2022-02-28,Silver
BM-C02566,Ishaan,Rao,Bengaluru,Karnataka,2024-10-29,Silver
BM-C02567,Diya,Rao,Lucknow,Uttar Pradesh,2024-02-22,Gold
BM-C02568,Myra,Reddy,Ahmedabad,Gujarat,2021-10-22,Silver
BM-C02569,Anika,Singh,Bengaluru,Karnataka,2019-01-31,Gold
BM-C02570,Sai,Gupta,Kolkata,West Bengal,2023-01-01,Bronze
BM-C02571,Ishaan,Reddy,Mumbai,Maharashtra,2020-09-11,Bronze
BM-C02572,Myra,Patel,Jaipur,Rajasthan,2019-10-22,Bronze
BM-C02573,Myra,Mehta,Lucknow,Uttar Pradesh,2020-05-01,Bronze
BM-C02574,Navya,Reddy,Pune,Maharashtra,2021-12-07,Bronze
BM-C02575,Krishna,Iyer,Hyderabad,Telangana,2022-08-17,Gold
BM-C02576,Ira,Nair,Pune,Maharashtra,2021-03-02,Silver
BM-C02577,Riya,Gupta,Delhi,Delhi,2019-11-16,Silver
BM-C02578,Sai,Iyer,Chennai,Tamil Nadu,2023-10-18,Bronze
BM-C02579,Anika,Mehta,Bengaluru,Karnataka,2024-06-26,Platinum
BM-C02580,Riya,Mehta,Pune,Maharashtra,2024-02-22,Gold
BM-C02581,Pari,Reddy,Lucknow,Uttar Pradesh,2020-06-06,Bronze
BM-C02582,Reyansh,Verma,Hyderabad,Telangana,2024-03-25,Silver
BM-C02583,Sai,Singh,Bengaluru,Karnataka,2019-01-01,Gold
BM-C02584,Vivaan,Gupta,Delhi,Delhi,2023-05-09,Platinum
BM-C02585,Pari,Patel,Kolkata,West Bengal,2021-07-29,Bronze
BM-C02586,Navya,Nair,Hyderabad,Telangana,2022-03-18,Platinum
BM-C02587,Diya,Iyer,Ahmedabad,Gujarat,2023-06-10,Gold
BM-C02588,Aditya,Mehta,Jaipur,Rajasthan,2020-10-26,Silver
BM-C02589,Arjun,Nair,Chennai,Tamil Nadu,2023-10-08,Platinum
BM-C02590,Krishna,Verma,Ahmedabad,Gujarat,2023-09-30,Platinum
BM-C02591,Sai,Sharma,Pune,Maharashtra,2022-02-10,Platinum
BM-C02592,Saanvi,Reddy,Pune,Maharashtra,2024-03-31,Silver
BM-C02593,Diya,Gupta,Kolkata,West Bengal,2019-02-03,Silver
BM-C02594,Diya,Rao,Ahmedabad,Gujarat,2020-08-28,Bronze
BM-C02595,Ishaan,Patel,Lucknow,Uttar Pradesh,2019-10-20,Gold
BM-C02596,Anika,Sharma,Chennai,Tamil Nadu,2024-02-29,Gold
BM-C02597,Krishna,Singh,Mumbai,Maharashtra,2022-05-22,Bronze
BM-C02598,Krishna,Sharma,Chennai,Tamil Nadu,2023-11-13,Bronze
BM-C02599,Ira,Singh,Ahmedabad,Gujarat,2023-03-04,Silver
BM-C02600,Navya,Verma,Ahmedabad,Gujarat,2019-04-29,Gold
BM-C02601,Ira,Gupta,Mumbai,Maharashtra,2020-07-03,Silver
BM-C02602,Saanvi,Verma,Delhi,Delhi,2019-06-24,Platinum
BM-C02603,Ananya,Verma,Mumbai,Maharashtra,2023-08-18,Gold
BM-C02604,Ira,Sharma,Hyderabad,Telangana,2021-10-30,Gold
BM-C02605,Riya,Patel,Bengaluru,Karnataka,2023-05-24,Bronze
BM-C02606,Saanvi,Sharma,Kolkata,West Bengal,2019-07-21,Silver
BM-C02607,Arjun,Iyer,Jaipur,Rajasthan,2019-09-18,Silver
BM-C02608,Vivaan,Iyer,Ahmedabad,Gujarat,2024-03-05,Silver
BM-C02609,Saanvi,Gupta,Jaipur,Rajasthan,2024-05-27,Bronze
BM-C02610,Krishna,Rao,Chennai,Tamil Nadu,2021-12-25,Bronze
BM-C02611,Myra,Mehta,Pune,Maharashtra,2024-12-03,Bronze
BM-C02612,Myra,Verma,Lucknow,Uttar Pradesh,2019-12-28,Bronze
BM-C02613,Aditya,Gupta,Bengaluru,Karnataka,2021-09-13,Bronze
BM-C02614,Aarav,Reddy,Bengaluru,Karnataka,2024-06-05,Gold
BM-C02615,Aditya,Reddy,Ahmedabad,Gujarat,2021-08-14,Silver
BM-C02616,Ishaan,Sharma,Bengaluru,Karnataka,2022-03-24,Gold
BM-C02617,Krishna,Gupta,Bengaluru,Karnataka,2023-10-22,Gold
BM-C02618,Ayaan,Reddy,Kolkata,West Bengal,2021-04-27,Silver
BM-C02619,Ishaan,Iyer,Bengaluru,Karnataka,2024-12-07,Platinum
BM-C02620,Aditya,Singh,Chennai,Tamil Nadu,2022-01-08,Gold
BM-C02621,Anika,Singh,Pune,Maharashtra,2024-05-14,Silver
BM-C02622,Riya,Nair,Mumbai,Maharashtra,2020-04-28,Silver
BM-C02623,Diya,Iyer,Kolkata,West Bengal,2020-10-06,Gold
BM-C02624,Navya,Iyer,Jaipur,Rajasthan,2019-10-09,Silver
BM-C02625,Reyansh,Singh,Chennai,Tamil Nadu,2021-03-21,Bronze
BM-C02626,Anika,Gupta,Delhi,Delhi,2023-01-16,Silver
BM-C02627,Riya,Patel,Ahmedabad,Gujarat,2022-03-02,Platinum
BM-C02628,Vivaan,Patel,Lucknow,Uttar Pradesh,2024-12-18,Bronze
BM-C02629,Aarav,Gupta,Pune,Maharashtra,2022-08-02,Platinum
BM-C02630,Ananya,Verma,Pune,Maharashtra,2020-08-04,Gold
BM-C02631,Sai,Singh,Chennai,Tamil Nadu,2023-08-26,Silver
BM-C02632,Myra,Mehta,Mumbai,Maharashtra,2022-11-19,Platinum
BM-C02633,Pari,Reddy,Kolkata,West Bengal,2021-02-23,Gold
BM-C02634,Ananya,Singh,Lucknow,Uttar Pradesh,2024-10-09,Platinum
BM-C02635,Vivaan,Reddy,Chennai,Tamil Nadu,2023-04-25,Bronze
BM-C02636,Saanvi,Iyer,Kolkata,West Bengal,2023-11-30,Platinum
BM-C02637,Aarav,Gupta,Lucknow,Uttar Pradesh,2023-05-11,Silver
BM-C02638,Ira,Rao,Chennai,Tamil Nadu,2020-09-08,Silver
BM-C02639,Ananya,Sharma,Bengaluru,Karnataka,2019-10-08,Gold
BM-C02640,Diya,Singh,Bengaluru,Karnataka,2022-05-15,Silver
BM-C02641,Aarav,Gupta,Ahmedabad,Gujarat,2020-09-14,Silver
BM-C02642,Ishaan,Verma,Chennai,Tamil Nadu,2020-07-27,Silver
BM-C02643,Saanvi,Verma,Hyderabad,Telangana,2021-01-30,Silver
BM-C02644,Diya,Sharma,Jaipur,Rajasthan,2023-01-23,Silver
BM-C02645,Vihaan,Singh,Pune,Maharashtra,2023-09-05,Platinum
BM-C02646,Pari,Nair,Hyderabad,Telangana,2022-12-10,Silver
BM-C02647,Aadhya,Gupta,Delhi,Delhi,2021-09-16,Silver
BM-C02648,Ananya,Iyer,Kolkata,West Bengal,2024-09-27,Platinum
BM-C02649,Aadhya,Rao,Lucknow,Uttar Pradesh,2019-08-11,Gold
BM-C02650,Riya,Sharma,Ahmedabad,Gujarat,2020-11-19,Silver
BM-C02651,Diya,Patel,Hyderabad,Telangana,2021-11-21,Bronze
BM-C02652,Ira,Nair,Lucknow,Uttar Pradesh,2019-08-29,Silver
BM-C02653,Pari,Reddy,Bengaluru,Karnataka,2019-05-18,Silver
BM-C02654,Saanvi,Verma,Chennai,Tamil Nadu,2021-11-21,Platinum
BM-C02655,Saanvi,Gupta,Bengaluru,Karnataka,2021-06-04,Gold
BM-C02656,Pari,Sharma,Kolkata,West Bengal,2021-03-21,Platinum
BM-C02657,Sai,Nair,Bengaluru,Karnataka,2024-10-20,Bronze
BM-C02658,Aditya,Patel,Ahmedabad,Gujarat,2024-11-01,Bronze
BM-C02659,Aarav,Gupta,Kolkata,West Bengal,2021-09-18,Silver
BM-C02660,Anika,Nair,Lucknow,Uttar Pradesh,2024-11-02,Platinum
BM-C02661,Pari,Nair,Mumbai,Maharashtra,2022-08-05,Bronze
BM-C02662,Saanvi,Iyer,Chennai,Tamil Nadu,2024-05-24,Bronze
BM-C02663,Myra,Rao,Lucknow,Uttar Pradesh,2022-03-04,Platinum
BM-C02664,Navya,Patel,Pune,Maharashtra,2019-12-13,Silver
BM-C02665,Navya,Nair,Kolkata,West Bengal,2024-09-27,Bronze
BM-C02666,Aarav,Patel,Bengaluru,Karnataka,2024-01-08,Gold
BM-C02667,Anika,Mehta,Hyderabad,Telangana,2022-11-14,Platinum
BM-C02668,Myra,Iyer,Mumbai,Maharashtra,2019-05-04,Bronze
BM-C02669,Myra,Patel,Ahmedabad,Gujarat,2019-06-05,Gold
BM-C02670,Saanvi,Patel,Chennai,Tamil Nadu,2024-09-28,Gold
BM-C02671,Navya,Iyer,Mumbai,Maharashtra,2020-07-09,Gold
BM-C02672,Saanvi,Sharma,Pune,Maharashtra,2022-10-20,Gold
BM-C02673,Vivaan,Mehta,Chennai,Tamil Nadu,2019-12-13,Gold
BM-C02674,Navya,Nair,Mumbai,Maharashtra,2021-02-11,Silver
BM-C02675,Navya,Verma,Delhi,Delhi,2020-01-27,Silver
BM-C02676,Saanvi,Iyer,Ahmedabad,Gujarat,2021-12-09,Platinum
BM-C02677,Ayaan,Rao,Lucknow,Uttar Pradesh,2023-11-04,Platinum
BM-C02678,Aditya,Patel,Mumbai,Maharashtra,2022-03-04,Bronze
BM-C02679,Ira,Verma,Bengaluru,Karnataka,2022-04-01,Bronze
BM-C02680,Ishaan,Nair,Pune,Maharashtra,2022-05-30,Bronze
BM-C02681,Krishna,Verma,Bengaluru,Karnataka,2022-09-08,Bronze
BM-C02682,Riya,Iyer,Hyderabad,Telangana,2021-07-31,Silver
BM-C02683,Diya,Mehta,Mumbai,Maharashtra,2023-01-09,Silver
BM-C02684,Krishna,Gupta,Kolkata,West Bengal,2021-05-10,Bronze
BM-C02685,Aadhya,Gupta,Lucknow,Uttar Pradesh,2024-10-08,Gold
BM-C02686,Aarav,Nair,Chennai,Tamil Nadu,2020-10-05,Bronze
BM-C02687,Arjun,Iyer,Kolkata,West Bengal,2021-04-09,Platinum
BM-C02688,Ananya,Verma,Lucknow,Uttar Pradesh,2020-11-18,Silver
BM-C02689,Ananya,Reddy,Mumbai,Maharashtra,2019-07-17,Gold
BM-C02690,Myra,Mehta,Lucknow,Uttar Pradesh,2022-07-31,Gold
BM-C02691,Aadhya,Singh,Jaipur,Rajasthan,2023-09-29,Bronze
BM-C02692,Ananya,Patel,Pune,Maharashtra,2021-12-12,Platinum
BM-C02693,Myra,Singh,Bengaluru,Karnataka,2020-10-16,Silver
BM-C02694,Krishna,Nair,Kolkata,West Bengal,2019-04-11,Bronze
BM-C02695,Navya,Patel,Ahmedabad,Gujarat,2019-09-16,Silver
BM-C02696,Diya,Iyer,Jaipur,Rajasthan,2021-06-25,Gold
BM-C02697,Myra,Sharma,Ahmedabad,Gujarat,2020-04-29,Silver
BM-C02698,Diya,Mehta,Lucknow,Uttar Pradesh,2022-09-02,Platinum
BM-C02699,Ishaan,Rao,Mumbai,Maharashtra,2023-03-05,Silver
BM-C02700,Navya,Gupta,Kolkata,West Bengal,2022-03-21,Bronze
BM-C02701,Aadhya,Reddy,Delhi,Delhi,2020-10-18,Bronze
BM-C02702,Ishaan,Gupta,Lucknow,Uttar Pradesh,2020-05-09,Platinum
BM-C02703,Saanvi,Patel,Jaipur,Rajasthan,2020-11-07,Platinum
BM-C02704,Krishna,Patel,Lucknow,Uttar Pradesh,2022-02-02,Bronze
BM-C02705,Anika,Rao,Pune,Maharashtra,2023-07-13,Platinum
BM-C02706,Aadhya,Singh,Hyderabad,Telangana,2022-12-12,Gold
BM-C02707,Sai,Gupta,Ahmedabad,Gujarat,2022-05-27,Gold
BM-C02708,Navya,Patel,Mumbai,Maharashtra,2022-12-12,Silver
BM-C02709,Aadhya,Mehta,Delhi,Delhi,2024-07-22,Platinum
BM-C02710,Saanvi,Reddy,Kolkata,West Bengal,2024-05-31,Bronze
BM-C02711,Ayaan,Gupta,Lucknow,Uttar Pradesh,2024-03-09,Bronze
BM-C02712,Riya,Nair,Lucknow,Uttar Pradesh,2019-03-12,Gold
BM-C02713,Ayaan,Gupta,Lucknow,Uttar Pradesh,2023-11-04,Platinum
BM-C02714,Diya,Sharma,Delhi,Delhi,2024-02-12,Platinum
BM-C02715,Anika,Reddy,Jaipur,Rajasthan,2020-05-16,Platinum
BM-C02716,Ayaan,Gupta,Pune,Maharashtra,2023-01-06,Silver
BM-C02717,Arjun,Iyer,Pune,Maharashtra,2019-07-21,Bronze
BM-C02718,Riya,Singh,Hyderabad,Telangana,2022-11-27,Silver
BM-C02719,Myra,Reddy,Lucknow,Uttar Pradesh,2020-07-03,Platinum
BM-C02720,Vihaan,Mehta,Jaipur,Rajasthan,2021-10-26,Silver
BM-C02721,Myra,Verma,Hyderabad,Telangana,2019-01-22,Bronze
BM-C02722,Anika,Singh,Kolkata,West Bengal,2022-04-12,Bronze
BM-C02723,Krishna,Rao,Kolkata,West Bengal,2020-01-11,Bronze
BM-C02724,Pari,Sharma,Ahmedabad,Gujarat,2021-06-29,Platinum
BM-C02725,Diya,Nair,Mumbai,Maharashtra,2023-05-09,Platinum
BM-C02726,Vihaan,Verma,Kolkata,West Bengal,2020-03-29,Gold
BM-C02727,Vihaan,Gupta,Lucknow,Uttar Pradesh,2022-02-12,Platinum
BM-C02728,Arjun,Reddy,Pune,Maharashtra,2023-02-08,Silver
BM-C02729,Vihaan,Patel,Chennai,Tamil Nadu,2024-06-17,Bronze
BM-C02730,Pari,Reddy,Ahmedabad,Gujarat,2021-03-18,Gold
BM-C02731,Myra,Patel,Chennai,Tamil Nadu,2022-10-31,Gold
BM-C02732,Krishna,Mehta,Lucknow,Uttar Pradesh,2019-04-22,Silver
BM-C02733,Anika,Iyer,Bengaluru,Karnataka,2019-03-22,Silver
BM-C02734,Riya,Patel,Pune,Maharashtra,2021-06-23,Gold
BM-C02735,Riya,Iyer,Bengaluru,Karnataka,2023-01-16,Platinum
BM-C02736,Arjun,Gupta,Chennai,Tamil Nadu,2020-03-31,Gold
BM-C02737,Krishna,Reddy,Kolkata,West Bengal,2019-03-29,Silver
BM-C02738,Ishaan,Gupta,Lucknow,Uttar Pradesh,2023-12-21,Bronze
BM-C02739,Diya,Rao,Chennai,Tamil Nadu,2023-05-25,Platinum
BM-C02740,Ira,Gupta,Ahmedabad,Gujarat,2021-12-05,Silver
BM-C02741,Anika,Patel,Lucknow,Uttar Pradesh,2023-06-14,Gold
BM-C02742,Pari,Gupta,Kolkata,West Bengal,2023-06-20,Platinum
BM-C02743,Pari,Nair,Bengaluru,Karnataka,2019-02-14,Bronze
BM-C02744,Ayaan,Iyer,Pune,Maharashtra,2020-10-03,Silver
BM-C02745,Krishna,Mehta,Bengaluru,Karnataka,2020-01-07,Silver
BM-C02746,Pari,Singh,Pune,Maharashtra,2023-11-05,Bronze
BM-C02747,Ayaan,Reddy,Jaipur,Rajasthan,2022-02-03,Bronze
BM-C02748,Vihaan,Patel,Kolkata,West Bengal,2023-04-26,Bronze
BM-C02749,Navya,Rao,Chennai,Tamil Nadu,2023-07-29,Bronze
BM-C02750,Myra,Mehta,Mumbai,Maharashtra,2023-06-13,Silver
BM-C02751,Krishna,Gupta,Hyderabad,Telangana,2024-11-12,Silver
BM-C02752,Myra,Gupta,Hyderabad,Telangana,2019-05-05,Gold
BM-C02753,Krishna,Verma,Jaipur,Rajasthan,2020-08-13,Bronze
BM-C02754,Anika,Iyer,Bengaluru,Karnataka,2019-07-09,Silver
BM-C02755,Ayaan,Mehta,Hyderabad,Telangana,2023-12-11,Platinum
BM-C02756,Vihaan,Rao,Ahmedabad,Gujarat,2019-06-08,Gold
BM-C02757,Reyansh,Singh,Delhi,Delhi,2019-12-28,Platinum
BM-C02758,Pari,Reddy,Delhi,Delhi,2019-11-07,Silver
BM-C02759,Pari,Iyer,Lucknow,Uttar Pradesh,2023-11-04,Bronze
BM-C02760,Saanvi,Verma,Lucknow,Uttar Pradesh,2022-10-07,Silver
BM-C02761,Ira,Singh,Lucknow,Uttar Pradesh,2019-01-02,Gold
BM-C02762,Ira,Iyer,Kolkata,West Bengal,2023-03-11,Silver
BM-C02763,Anika,Singh,Pune,Maharashtra,2023-05-17,Gold
BM-C02764,Krishna,Rao,Chennai,Tamil Nadu,2021-02-12,Gold
BM-C02765,Navya,Rao,Chennai,Tamil Nadu,2021-08-17,Platinum
BM-C02766,Sai,Singh,Delhi,Delhi,2019-01-21,Gold
BM-C02767,Pari,Singh,Jaipur,Rajasthan,2020-05-21,Silver
BM-C02768,Saanvi,Iyer,Delhi,Delhi,2019-10-21,Platinum
BM-C02769,Navya,Gupta,Pune,Maharashtra,2020-08-24,Bronze
BM-C02770,Reyansh,Iyer,Hyderabad,Telangana,2023-04-08,Gold
BM-C02771,Anika,Singh,Pune,Maharashtra,2019-11-16,Gold
BM-C02772,Reyansh,Mehta,Lucknow,Uttar Pradesh,2024-09-18,Silver
BM-C02773,Sai,Reddy,Pune,Maharashtra,2022-05-16,Silver
BM-C02774,Ira,Gupta,Bengaluru,Karnataka,2021-10-08,Platinum
BM-C02775,Saanvi,Iyer,Lucknow,Uttar Pradesh,2020-12-11,Gold
BM-C02776,Ishaan,Patel,Ahmedabad,Gujarat,2020-03-26,Gold
BM-C02777,Diya,Patel,Pune,Maharashtra,2022-10-29,Gold
BM-C02778,Riya,Nair,Kolkata,West Bengal,2022-07-19,Bronze
BM-C02779,Vivaan,Nair,Kolkata,West Bengal,2022-01-03,Silver
BM-C02780,Krishna,Sharma,Ahmedabad,Gujarat,2024-12-28,Silver
BM-C02781,Krishna,Iyer,Hyderabad,Telangana,2022-03-06,Bronze
BM-C02782,Saanvi,Nair,Pune,Maharashtra,2021-10-08,Silver
BM-C02783,Ira,Rao,Hyderabad,Telangana,2022-09-29,Gold
BM-C02784,Aditya,Reddy,Delhi,Delhi,2020-05-13,Gold
BM-C02785,Riya,Singh,Ahmedabad,Gujarat,2019-05-23,Platinum
BM-C02786,Ayaan,Iyer,Ahmedabad,Gujarat,2024-02-28,Platinum
BM-C02787,Vihaan,Sharma,Mumbai,Maharashtra,2024-06-10,Gold
BM-C02788,Navya,Patel,Chennai,Tamil Nadu,2022-09-23,Gold
BM-C02789,Pari,Gupta,Delhi,Delhi,2019-08-18,Gold
BM-C02790,Arjun,Gupta,Kolkata,West Bengal,2024-01-07,Gold
BM-C02791,Reyansh,Rao,Lucknow,Uttar Pradesh,2019-10-01,Platinum
BM-C02792,Ananya,Mehta,Hyderabad,Telangana,2023-08-26,Gold
BM-C02793,Anika,Iyer,Jaipur,Rajasthan,2024-11-12,Bronze
BM-C02794,Aditya,Patel,Bengaluru,Karnataka,2022-01-27,Platinum
BM-C02795,Sai,Patel,Hyderabad,Telangana,2022-12-26,Silver
BM-C02796,Diya,Patel,Ahmedabad,Gujarat,2020-09-10,Gold
BM-C02797,Ira,Sharma,Chennai,Tamil Nadu,2020-03-11,Bronze
BM-C02798,Saanvi,Nair,Kolkata,West Bengal,2023-02-20,Bronze
BM-C02799,Vivaan,Rao,Jaipur,Rajasthan,2022-03-06,Bronze
BM-C02800,Saanvi,Sharma,Lucknow,Uttar Pradesh,2023-04-16,Gold
BM-C02801,Pari,Iyer,Jaipur,Rajasthan,2023-11-21,Gold
BM-C02802,Aditya,Mehta,Delhi,Delhi,2019-10-14,Bronze
BM-C02803,Sai,Rao,Jaipur,Rajasthan,2019-09-30,Platinum
BM-C02804,Reyansh,Verma,Lucknow,Uttar Pradesh,2024-10-25,Platinum
BM-C02805,Myra,Singh,Chennai,Tamil Nadu,2020-04-17,Gold
BM-C02806,Sai,Mehta,Delhi,Delhi,2021-11-21,Platinum
BM-C02807,Saanvi,Sharma,Jaipur,Rajasthan,2022-06-01,Gold
BM-C02808,Ira,Nair,Mumbai,Maharashtra,2019-02-28,Bronze
BM-C02809,Ananya,Nair,Hyderabad,Telangana,2020-04-12,Gold
BM-C02810,Riya,Patel,Hyderabad,Telangana,2023-07-12,Platinum
BM-C02811,Riya,Patel,Hyderabad,Telangana,2023-11-28,Silver
BM-C02812,Arjun,Reddy,Hyderabad,Telangana,2021-08-16,Silver
BM-C02813,Aarav,Rao,Delhi,Delhi,2024-02-14,Bronze
BM-C02814,Navya,Patel,Bengaluru,Karnataka,2019-08-04,Gold
BM-C02815,Ayaan,Reddy,Pune,Maharashtra,2020-09-18,Gold
BM-C02816,Saanvi,Iyer,Bengaluru,Karnataka,2020-12-24,Silver
BM-C02817,Aarav,Gupta,Pune,Maharashtra,2022-09-27,Bronze
BM-C02818,Aarav,Singh,Kolkata,West Bengal,2020-10-10,Platinum
BM-C02819,Myra,Singh,Mumbai,Maharashtra,2022-05-25,Silver
BM-C02820,Aadhya,Mehta,Hyderabad,Telangana,2020-01-23,Bronze
BM-C02821,Anika,Mehta,Bengaluru,Karnataka,2023-05-24,Bronze
BM-C02822,Reyansh,Verma,Bengaluru,Karnataka,2023-02-28,Gold
BM-C02823,Saanvi,Reddy,Pune,Maharashtra,2020-10-15,Bronze
BM-C02824,Diya,Singh,Jaipur,Rajasthan,2021-03-04,Bronze
BM-C02825,Aarav,Sharma,Ahmedabad,Gujarat,2022-03-26,Platinum
BM-C02826,Vihaan,Patel,Kolkata,West Bengal,2022-01-24,Gold
BM-C02827,Saanvi,Iyer,Delhi,Delhi,2020-12-13,Bronze
BM-C02828,Pari,Sharma,Kolkata,West Bengal,2021-05-03,Gold
BM-C02829,Arjun,Reddy,Mumbai,Maharashtra,2020-07-05,Bronze
BM-C02830,Anika,Gupta,Bengaluru,Karnataka,2020-03-11,Platinum
BM-C02831,Vivaan,Mehta,Mumbai,Maharashtra,2020-10-13,Gold
BM-C02832,Ira,Nair,Pune,Maharashtra,2020-05-04,Platinum
BM-C02833,Sai,Rao,Bengaluru,Karnataka,2020-04-15,Silver
BM-C02834,Vihaan,Gupta,Pune,Maharashtra,2019-04-04,Platinum
BM-C02835,Ishaan,Nair,Hyderabad,Telangana,2024-04-26,Gold
BM-C02836,Ira,Patel,Chennai,Tamil Nadu,2019-03-30,Bronze
BM-C02837,Aarav,Singh,Pune,Maharashtra,2019-04-17,Silver
BM-C02838,Vivaan,Rao,Kolkata,West Bengal,2022-03-17,Silver
BM-C02839,Vihaan,Sharma,Bengaluru,Karnataka,2021-12-19,Silver
BM-C02840,Saanvi,Verma,Delhi,Delhi,2019-12-16,Platinum
BM-C02841,Saanvi,Rao,Ahmedabad,Gujarat,2022-09-30,Silver
BM-C02842,Aarav,Iyer,Lucknow,Uttar Pradesh,2023-01-19,Platinum
BM-C02843,Arjun,Patel,Chennai,Tamil Nadu,2024-08-01,Gold
BM-C02844,Vihaan,Singh,Lucknow,Uttar Pradesh,2023-03-12,Silver
BM-C02845,Ayaan,Rao,Bengaluru,Karnataka,2020-02-08,Silver
BM-C02846,Aditya,Verma,Hyderabad,Telangana,2022-06-08,Gold
BM-C02847,Vihaan,Reddy,Lucknow,Uttar Pradesh,2020-12-03,Gold
BM-C02848,Ishaan,Patel,Bengaluru,Karnataka,2022-12-06,Gold
BM-C02849,Ananya,Nair,Bengaluru,Karnataka,2022-03-10,Silver
BM-C02850,Vivaan,Nair,Lucknow,Uttar Pradesh,2024-05-17,Bronze
BM-C02851,Sai,Sharma,Hyderabad,Telangana,2020-03-20,Bronze
BM-C02852,Sai,Nair,Hyderabad,Telangana,2021-09-29,Bronze
BM-C02853,Pari,Singh,Lucknow,Uttar Pradesh,2021-12-04,Silver
BM-C02854,Aadhya,Singh,Lucknow,Uttar Pradesh,2020-10-29,Platinum
BM-C02855,Krishna,Rao,Lucknow,Uttar Pradesh,2022-09-28,Bronze
BM-C02856,Anika,Patel,Chennai,Tamil Nadu,2021-11-13,Silver
BM-C02857,Ananya,Singh,Chennai,Tamil Nadu,2023-09-02,Platinum
BM-C02858,Ananya,Rao,Delhi,Delhi,2021-03-27,Bronze
BM-C02859,Saanvi,Sharma,Pune,Maharashtra,2023-08-16,Silver
BM-C02860,Ayaan,Singh,Delhi,Delhi,2019-12-12,Bronze
BM-C02861,Ishaan,Gupta,Jaipur,Rajasthan,2021-12-16,Gold
BM-C02862,Saanvi,Rao,Ahmedabad,Gujarat,2019-09-15,Silver
BM-C02863,Anika,Reddy,Kolkata,West Bengal,2020-03-16,Silver
BM-C02864,Reyansh,Patel,Mumbai,Maharashtra,2023-06-21,Silver
BM-C02865,Anika,Rao,Lucknow,Uttar Pradesh,2019-05-27,Gold
BM-C02866,Ayaan,Rao,Jaipur,Rajasthan,2020-06-02,Gold
BM-C02867,Vihaan,Gupta,Bengaluru,Karnataka,2024-05-26,Silver
BM-C02868,Navya,Mehta,Bengaluru,Karnataka,2022-08-10,Silver
BM-C02869,Vivaan,Nair,Chennai,Tamil Nadu,2021-07-10,Platinum
BM-C02870,Saanvi,Singh,Jaipur,Rajasthan,2022-12-25,Gold
BM-C02871,Ishaan,Sharma,Bengaluru,Karnataka,2019-08-21,Gold
BM-C02872,Ishaan,Reddy,Jaipur,Rajasthan,2024-03-19,Bronze
BM-C02873,Saanvi,Gupta,Mumbai,Maharashtra,2020-03-22,Platinum
BM-C02874,Ayaan,Nair,Bengaluru,Karnataka,2020-05-10,Platinum
BM-C02875,Riya,Reddy,Kolkata,West Bengal,2021-02-11,Gold
BM-C02876,Ayaan,Iyer,Delhi,Delhi,2020-03-12,Platinum
BM-C02877,Riya,Gupta,Delhi,Delhi,2020-10-01,Platinum
BM-C02878,Krishna,Patel,Bengaluru,Karnataka,2019-02-03,Bronze
BM-C02879,Ishaan,Rao,Jaipur,Rajasthan,2019-11-15,Platinum
BM-C02880,Myra,Iyer,Hyderabad,Telangana,2020-01-23,Platinum
BM-C02881,Aditya,Patel,Bengaluru,Karnataka,2021-04-25,Bronze
BM-C02882,Krishna,Verma,Kolkata,West Bengal,2024-05-01,Platinum
BM-C02883,Riya,Gupta,Kolkata,West Bengal,2024-11-18,Platinum
BM-C02884,Ayaan,Rao,Chennai,Tamil Nadu,2019-11-17,Bronze
BM-C02885,Ira,Patel,Lucknow,Uttar Pradesh,2021-01-19,Platinum
BM-C02886,Saanvi,Sharma,Kolkata,West Bengal,2024-06-05,Bronze
BM-C02887,Krishna,Iyer,Chennai,Tamil Nadu,2024-06-12,Gold
BM-C02888,Krishna,Patel,Kolkata,West Bengal,2019-09-16,Bronze
BM-C02889,Pari,Reddy,Delhi,Delhi,2023-12-25,Platinum
BM-C02890,Riya,Nair,Hyderabad,Telangana,2024-08-30,Gold
BM-C02891,Pari,Rao,Delhi,Delhi,2024-02-28,Platinum
BM-C02892,Anika,Nair,Lucknow,Uttar Pradesh,2019-05-11,Bronze
BM-C02893,Vihaan,Mehta,Lucknow,Uttar Pradesh,2019-10-22,Bronze
BM-C02894,Diya,Mehta,Hyderabad,Telangana,2024-09-20,Platinum
BM-C02895,Vivaan,Patel,Kolkata,West Bengal,2024-07-03,Platinum
BM-C02896,Riya,Rao,Ahmedabad,Gujarat,2019-04-26,Platinum
BM-C02897,Aarav,Reddy,Kolkata,West Bengal,2023-10-28,Silver
BM-C02898,Ananya,Verma,Mumbai,Maharashtra,2021-06-27,Platinum
BM-C02899,Myra,Iyer,Mumbai,Maharashtra,2022-01-19,Gold
BM-C02900,Ayaan,Iyer,Pune,Maharashtra,2022-10-17,Bronze
BM-C02901,Myra,Iyer,Pune,Maharashtra,2020-05-13,Silver
BM-C02902,Navya,Patel,Jaipur,Rajasthan,2022-05-31,Gold
BM-C02903,Pari,Verma,Bengaluru,Karnataka,2021-11-02,Gold
BM-C02904,Navya,Reddy,Lucknow,Uttar Pradesh,2021-09-10,Gold
BM-C02905,Aditya,Nair,Delhi,Delhi,2021-08-30,Platinum
BM-C02906,Aadhya,Reddy,Bengaluru,Karnataka,2021-04-02,Platinum
BM-C02907,Ananya,Singh,Pune,Maharashtra,2022-01-28,Silver
BM-C02908,Ananya,Sharma,Bengaluru,Karnataka,2019-12-13,Silver
BM-C02909,Ishaan,Rao,Lucknow,Uttar Pradesh,2024-12-15,Gold
BM-C02910,Navya,Gupta,Jaipur,Rajasthan,2022-05-21,Bronze
BM-C02911,Aditya,Verma,Hyderabad,Telangana,2024-02-01,Platinum
BM-C02912,Arjun,Patel,Chennai,Tamil Nadu,2023-07-14,Gold
BM-C02913,Arjun,Nair,Kolkata,West Bengal,2019-11-18,Gold
BM-C02914,Riya,Verma,Lucknow,Uttar Pradesh,2021-10-03,Silver
BM-C02915,Vivaan,Reddy,Ahmedabad,Gujarat,2023-08-30,Silver
BM-C02916,Aarav,Singh,Chennai,Tamil Nadu,2020-11-28,Silver
BM-C02917,Ayaan,Singh,Hyderabad,Telangana,2024-07-05,Silver
BM-C02918,Aarav,Iyer,Bengaluru,Karnataka,2021-01-27,Bronze
BM-C02919,Pari,Singh,Lucknow,Uttar Pradesh,2022-07-11,Silver
BM-C02920,Sai,Rao,Kolkata,West Bengal,2023-12-10,Platinum
BM-C02921,Aadhya,Iyer,Lucknow,Uttar Pradesh,2022-02-04,Gold
BM-C02922,Diya,Patel,Kolkata,West Bengal,2020-12-30,Gold
BM-C02923,Diya,Verma,Jaipur,Rajasthan,2024-11-23,Silver
BM-C02924,Ayaan,Rao,Pune,Maharashtra,2023-12-04,Silver
BM-C02925,Anika,Singh,Delhi,Delhi,2023-07-22,Gold
BM-C02926,Ira,Reddy,Delhi,Delhi,2021-12-18,Silver
BM-C02927,Krishna,Mehta,Ahmedabad,Gujarat,2019-06-15,Platinum
BM-C02928,Myra,Singh,Lucknow,Uttar Pradesh,2024-01-11,Platinum
BM-C02929,Sai,Sharma,Delhi,Delhi,2023-10-06,Platinum
BM-C02930,Vivaan,Patel,Jaipur,Rajasthan,2023-01-20,Silver
BM-C02931,Diya,Verma,Delhi,Delhi,2021-05-07,Gold
BM-C02932,Ira,Singh,Mumbai,Maharashtra,2022-08-31,Silver
BM-C02933,Reyansh,Singh,Kolkata,West Bengal,2021-08-20,Gold
BM-C02934,Ayaan,Mehta,Pune,Maharashtra,2023-04-28,Platinum
BM-C02935,Navya,Mehta,Bengaluru,Karnataka,2021-09-03,Bronze
BM-C02936,Vivaan,Patel,Lucknow,Uttar Pradesh,2023-12-31,Bronze
BM-C02937,Ira,Verma,Delhi,Delhi,2023-07-04,Platinum
BM-C02938,Reyansh,Reddy,Bengaluru,Karnataka,2024-02-12,Silver
BM-C02939,Aarav,Singh,Bengaluru,Karnataka,2020-01-07,Gold
BM-C02940,Vihaan,Nair,Delhi,Delhi,2023-11-19,Platinum
BM-C02941,Aadhya,Singh,Kolkata,West Bengal,2020-03-06,Gold
BM-C02942,Vihaan,Iyer,Bengaluru,Karnataka,2022-01-08,Silver
BM-C02943,Krishna,Singh,Kolkata,West Bengal,2019-10-09,Silver
BM-C02944,Aadhya,Reddy,Chennai,Tamil Nadu,2020-12-05,Gold
BM-C02945,Ananya,Singh,Delhi,Delhi,2019-10-20,Gold
BM-C02946,Ira,Sharma,Mumbai,Maharashtra,2023-09-27,Bronze
BM-C02947,Vihaan,Gupta,Pune,Maharashtra,2019-01-06,Bronze
BM-C02948,Ananya,Nair,Mumbai,Maharashtra,2021-08-09,Bronze
BM-C02949,Riya,Patel,Lucknow,Uttar Pradesh,2019-08-04,Silver
BM-C02950,Ira,Singh,Hyderabad,Telangana,2020-07-18,Silver
BM-C02951,Vihaan,Gupta,Pune,Maharashtra,2024-02-07,Gold
BM-C02952,Sai,Singh,Lucknow,Uttar Pradesh,2020-07-05,Silver
BM-C02953,Aarav,Mehta,Ahmedabad,Gujarat,2019-05-01,Bronze
BM-C02954,Ishaan,Verma,Chennai,Tamil Nadu,2021-12-20,Silver
BM-C02955,Anika,Gupta,Lucknow,Uttar Pradesh,2019-11-06,Platinum
BM-C02956,Ira,Gupta,Hyderabad,Telangana,2024-03-20,Gold
BM-C02957,Navya,Nair,Ahmedabad,Gujarat,2022-10-23,Bronze
BM-C02958,Aditya,Patel,Jaipur,Rajasthan,2021-02-03,Gold
BM-C02959,Ayaan,Singh,Bengaluru,Karnataka,2020-08-08,Platinum
BM-C02960,Diya,Sharma,Mumbai,Maharashtra,2023-02-01,Bronze
BM-C02961,Aditya,Patel,Jaipur,Rajasthan,2023-06-27,Platinum
BM-C02962,Reyansh,Iyer,Jaipur,Rajasthan,2021-09-22,Silver
BM-C02963,Reyansh,Iyer,Ahmedabad,Gujarat,2024-04-29,Platinum
BM-C02964,Saanvi,Nair,Kolkata,West Bengal,2019-09-13,Platinum
BM-C02965,Pari,Verma,Mumbai,Maharashtra,2021-09-25,Platinum
BM-C02966,Aadhya,Iyer,Lucknow,Uttar Pradesh,2023-03-27,Gold
BM-C02967,Anika,Sharma,Mumbai,Maharashtra,2020-08-07,Bronze
BM-C02968,Riya,Mehta,Chennai,Tamil Nadu,2023-08-14,Silver
BM-C02969,Vivaan,Rao,Pune,Maharashtra,2019-03-28,Bronze
BM-C02970,Aadhya,Reddy,Chennai,Tamil Nadu,2021-12-28,Bronze
BM-C02971,Anika,Rao,Kolkata,West Bengal,2020-07-07,Gold
BM-C02972,Reyansh,Verma,Mumbai,Maharashtra,2022-11-21,Silver
BM-C02973,Ananya,Verma,Hyderabad,Telangana,2020-09-24,Platinum
BM-C02974,Riya,Mehta,Hyderabad,Telangana,2019-02-18,Bronze
BM-C02975,Reyansh,Verma,Kolkata,West Bengal,2021-06-21,Bronze
BM-C02976,Ananya,Gupta,Hyderabad,Telangana,2022-04-26,Silver
BM-C02977,Aadhya,Sharma,Pune,Maharashtra,2020-04-29,Silver
BM-C02978,Ayaan,Mehta,Lucknow,Uttar Pradesh,2024-09-08,Gold
BM-C02979,Riya,Iyer,Kolkata,West Bengal,2020-09-28,Gold
BM-C02980,Aarav,Nair,Kolkata,West Bengal,2022-07-09,Platinum
BM-C02981,Reyansh,Singh,Chennai,Tamil Nadu,2021-02-26,Bronze
BM-C02982,Vivaan,Singh,Kolkata,West Bengal,2020-02-05,Silver
BM-C02983,Vihaan,Verma,Delhi,Delhi,2020-05-08,Platinum
BM-C02984,Sai,Rao,Delhi,Delhi,2021-10-14,Silver
BM-C02985,Aadhya,Iyer,Chennai,Tamil Nadu,2023-07-25,Gold
BM-C02986,Riya,Iyer,Chennai,Tamil Nadu,2019-12-04,Bronze
BM-C02987,Reyansh,Verma,Kolkata,West Bengal,2023-09-20,Platinum
BM-C02988,Arjun,Rao,Hyderabad,Telangana,2019-04-21,Platinum
BM-C02989,Vihaan,Verma,Ahmedabad,Gujarat,2020-12-11,Bronze
BM-C02990,Sai,Verma,Kolkata,West Bengal,2024-11-24,Bronze
BM-C02991,Saanvi,Mehta,Hyderabad,Telangana,2022-02-26,Platinum
BM-C02992,Myra,Mehta,Bengaluru,Karnataka,2019-05-08,Silver
BM-C02993,Ananya,Sharma,Hyderabad,Telangana,2023-11-03,Bronze
BM-C02994,Ananya,Iyer,Bengaluru,Karnataka,2020-06-29,Gold
BM-C02995,Reyansh,Sharma,Ahmedabad,Gujarat,2022-04-30,Platinum
BM-C02996,Ishaan,Rao,Bengaluru,Karnataka,2019-07-17,Silver
BM-C02997,Reyansh,Patel,Bengaluru,Karnataka,2024-08-06,Platinum
BM-C02998,Myra,Verma,Mumbai,Maharashtra,2021-02-02,Gold
BM-C02999,Sai,Gupta,Jaipur,Rajasthan,2023-08-27,Gold
BM-C03000,Vihaan,Verma,Mumbai,Maharashtra,2022-06-27,Bronze
BM-C03001,Sai,Patel,Lucknow,Uttar Pradesh,2022-02-24,Bronze
BM-C03002,Vihaan,Reddy,Bengaluru,Karnataka,2019-01-19,Platinum
BM-C03003,Riya,Sharma,Mumbai,Maharashtra,2022-04-19,Bronze
BM-C03004,Vivaan,Mehta,Hyderabad,Telangana,2023-08-23,Bronze
BM-C03005,Pari,Mehta,Mumbai,Maharashtra,2024-06-26,Platinum
BM-C03006,Ira,Nair,Chennai,Tamil Nadu,2022-10-29,Silver
BM-C03007,Ira,Iyer,Ahmedabad,Gujarat,2021-12-08,Platinum
BM-C03008,Arjun,Singh,Ahmedabad,Gujarat,2023-07-25,Gold
BM-C03009,Arjun,Iyer,Hyderabad,Telangana,2024-06-02,Silver
BM-C03010,Krishna,Gupta,Kolkata,West Bengal,2022-02-17,Bronze
BM-C03011,Ishaan,Gupta,Kolkata,West Bengal,2019-05-13,Platinum
BM-C03012,Navya,Reddy,Kolkata,West Bengal,2022-06-03,Silver
BM-C03013,Reyansh,Nair,Pune,Maharashtra,2022-08-01,Platinum
BM-C03014,Myra,Singh,Ahmedabad,Gujarat,2022-04-21,Platinum
BM-C03015,Ananya,Patel,Pune,Maharashtra,2024-08-29,Platinum
BM-C03016,Anika,Reddy,Bengaluru,Karnataka,2021-02-03,Silver
BM-C03017,Riya,Reddy,Hyderabad,Telangana,2024-08-10,Gold
BM-C03018,Navya,Nair,Ahmedabad,Gujarat,2022-03-10,Gold
BM-C03019,Aadhya,Gupta,Hyderabad,Telangana,2022-12-31,Bronze
BM-C03020,Myra,Iyer,Jaipur,Rajasthan,2024-04-21,Platinum
BM-C03021,Reyansh,Reddy,Mumbai,Maharashtra,2021-11-15,Silver
BM-C03022,Anika,Nair,Kolkata,West Bengal,2020-07-14,Platinum
BM-C03023,Reyansh,Nair,Mumbai,Maharashtra,2023-10-29,Silver
BM-C03024,Riya,Gupta,Chennai,Tamil Nadu,2024-06-15,Platinum
BM-C03025,Reyansh,Gupta,Lucknow,Uttar Pradesh,2022-07-01,Gold
BM-C03026,Ayaan,Gupta,Ahmedabad,Gujarat,2023-02-21,Gold
BM-C03027,Ira,Rao,Lucknow,Uttar Pradesh,2024-05-05,Bronze
BM-C03028,Aditya,Verma,Delhi,Delhi,2019-03-08,Bronze
BM-C03029,Ananya,Verma,Mumbai,Maharashtra,2021-08-31,Gold
BM-C03030,Arjun,Reddy,Hyderabad,Telangana,2021-08-13,Bronze
BM-C03031,Ira,Patel,Pune,Maharashtra,2023-12-18,Platinum
BM-C03032,Ananya,Gupta,Ahmedabad,Gujarat,2021-06-19,Gold
BM-C03033,Navya,Gupta,Delhi,Delhi,2020-04-17,Silver
BM-C03034,Vihaan,Rao,Kolkata,West Bengal,2024-04-04,Platinum
BM-C03035,Navya,Rao,Bengaluru,Karnataka,2024-05-07,Platinum
BM-C03036,Ayaan,Verma,Chennai,Tamil Nadu,2024-08-24,Silver
BM-C03037,Vihaan,Sharma,Ahmedabad,Gujarat,2020-02-26,Platinum
BM-C03038,Aadhya,Singh,Ahmedabad,Gujarat,2020-06-13,Bronze
BM-C03039,Diya,Singh,Lucknow,Uttar Pradesh,2023-12-23,Silver
BM-C03040,Aarav,Singh,Ahmedabad,Gujarat,2024-09-18,Gold
BM-C03041,Aditya,Patel,Pune,Maharashtra,2019-08-03,Silver
BM-C03042,Ira,Iyer,Bengaluru,Karnataka,2024-10-05,Platinum
BM-C03043,Vihaan,Reddy,Bengaluru,Karnataka,2024-05-24,Gold
BM-C03044,Aditya,Patel,Chennai,Tamil Nadu,2024-02-16,Platinum
BM-C03045,Ira,Mehta,Mumbai,Maharashtra,2022-07-21,Silver
BM-C03046,Krishna,Reddy,Pune,Maharashtra,2023-05-15,Gold
BM-C03047,Aarav,Singh,Jaipur,Rajasthan,2021-09-16,Silver
BM-C03048,Ayaan,Iyer,Mumbai,Maharashtra,2021-03-28,Platinum
BM-C03049,Ananya,Sharma,Kolkata,West Bengal,2021-04-27,Platinum
BM-C03050,Ananya,Rao,Delhi,Delhi,2019-04-08,Silver
BM-C03051,Aarav,Mehta,Lucknow,Uttar Pradesh,2019-03-01,Gold
BM-C03052,Reyansh,Singh,Kolkata,West Bengal,2022-03-26,Platinum
BM-C03053,Krishna,Nair,Mumbai,Maharashtra,2021-11-08,Gold
BM-C03054,Saanvi,Nair,Jaipur,Rajasthan,2021-11-28,Silver
BM-C03055,Krishna,Rao,Pune,Maharashtra,2020-08-22,Platinum
BM-C03056,Krishna,Verma,Chennai,Tamil Nadu,2022-10-29,Bronze
BM-C03057,Anika,Verma,Pune,Maharashtra,2019-03-13,Silver
BM-C03058,Ayaan,Verma,Delhi,Delhi,2020-07-04,Gold
BM-C03059,Arjun,Mehta,Delhi,Delhi,2021-01-06,Bronze
BM-C03060,Aarav,Sharma,Delhi,Delhi,2021-11-25,Bronze
BM-C03061,Riya,Singh,Bengaluru,Karnataka,2024-05-14,Gold
BM-C03062,Ira,Verma,Delhi,Delhi,2019-06-24,Silver
BM-C03063,Aditya,Gupta,Hyderabad,Telangana,2019-10-12,Bronze
BM-C03064,Saanvi,Reddy,Mumbai,Maharashtra,2020-10-15,Bronze
BM-C03065,Aadhya,Patel,Delhi,Delhi,2024-04-27,Silver
BM-C03066,Reyansh,Singh,Ahmedabad,Gujarat,2024-02-25,Silver
BM-C03067,Ishaan,Mehta,Ahmedabad,Gujarat,2019-07-10,Platinum
BM-C03068,Anika,Sharma,Bengaluru,Karnataka,2019-09-05,Silver
BM-C03069,Krishna,Gupta,Hyderabad,Telangana,2023-08-11,Silver
BM-C03070,Aditya,Reddy,Delhi,Delhi,2020-08-04,Gold
BM-C03071,Sai,Nair,Hyderabad,Telangana,2024-05-27,Gold
BM-C03072,Saanvi,Rao,Lucknow,Uttar Pradesh,2024-06-13,Gold
BM-C03073,Saanvi,Iyer,Hyderabad,Telangana,2021-12-07,Silver
BM-C03074,Aarav,Iyer,Jaipur,Rajasthan,2021-05-24,Silver
BM-C03075,Vivaan,Verma,Delhi,Delhi,2023-03-15,Gold
BM-C03076,Ira,Nair,Mumbai,Maharashtra,2019-09-06,Platinum
BM-C03077,Aditya,Patel,Mumbai,Maharashtra,2024-01-02,Gold
BM-C03078,Aditya,Mehta,Lucknow,Uttar Pradesh,2021-03-26,Gold
BM-C03079,Diya,Singh,Ahmedabad,Gujarat,2022-02-24,Platinum
BM-C03080,Pari,Patel,Chennai,Tamil Nadu,2023-08-24,Silver
BM-C03081,Riya,Gupta,Hyderabad,Telangana,2019-05-13,Gold
BM-C03082,Myra,Singh,Kolkata,West Bengal,2021-10-04,Platinum
BM-C03083,Myra,Singh,Ahmedabad,Gujarat,2020-04-19,Silver
BM-C03084,Saanvi,Sharma,Kolkata,West Bengal,2020-03-09,Gold
BM-C03085,Arjun,Nair,Kolkata,West Bengal,2022-02-10,Bronze
BM-C03086,Sai,Gupta,Kolkata,West Bengal,2024-01-17,Silver
BM-C03087,Vihaan,Sharma,Hyderabad,Telangana,2022-04-30,Platinum
BM-C03088,Krishna,Patel,Bengaluru,Karnataka,2020-09-06,Bronze
BM-C03089,Aadhya,Gupta,Ahmedabad,Gujarat,2021-08-01,Gold
BM-C03090,Reyansh,Singh,Hyderabad,Telangana,2024-02-29,Platinum
BM-C03091,Saanvi,Gupta,Kolkata,West Bengal,2023-02-23,Bronze
BM-C03092,Vihaan,Verma,Pune,Maharashtra,2021-10-01,Platinum
BM-C03093,Ishaan,Gupta,Lucknow,Uttar Pradesh,2020-12-31,Platinum
BM-C03094,Saanvi,Singh,Hyderabad,Telangana,2019-02-10,Gold
BM-C03095,Ananya,Iyer,Bengaluru,Karnataka,2024-10-26,Platinum
BM-C03096,Vihaan,Mehta,Lucknow,Uttar Pradesh,2020-02-07,Gold
BM-C03097,Diya,Gupta,Pune,Maharashtra,2022-02-22,Platinum
BM-C03098,Aarav,Singh,Delhi,Delhi,2022-02-23,Platinum
BM-C03099,Reyansh,Patel,Hyderabad,Telangana,2024-11-08,Silver
BM-C03100,Pari,Iyer,Pune,Maharashtra,2023-09-21,Gold
BM-C03101,Ananya,Reddy,Lucknow,Uttar Pradesh,2020-01-30,Gold
BM-C03102,Ayaan,Mehta,Lucknow,Uttar Pradesh,2024-03-08,Silver
BM-C03103,Pari,Mehta,Hyderabad,Telangana,2022-12-30,Bronze
BM-C03104,Anika,Verma,Pune,Maharashtra,2022-04-08,Silver
BM-C03105,Ananya,Verma,Lucknow,Uttar Pradesh,2023-07-03,Platinum
BM-C03106,Ira,Iyer,Ahmedabad,Gujarat,2019-07-27,Platinum
BM-C03107,Reyansh,Iyer,Kolkata,West Bengal,2020-03-20,Gold
BM-C03108,Pari,Reddy,Mumbai,Maharashtra,2020-11-24,Bronze
BM-C03109,Diya,Mehta,Pune,Maharashtra,2023-02-08,Silver
BM-C03110,Ananya,Singh,Chennai,Tamil Nadu,2021-09-03,Silver
BM-C03111,Ira,Mehta,Hyderabad,Telangana,2020-01-09,Gold
BM-C03112,Reyansh,Rao,Mumbai,Maharashtra,2023-04-16,Gold
BM-C03113,Aadhya,Nair,Hyderabad,Telangana,2024-12-16,Bronze
BM-C03114,Krishna,Reddy,Chennai,Tamil Nadu,2020-03-23,Gold
BM-C03115,Aarav,Nair,Mumbai,Maharashtra,2019-09-02,Gold
BM-C03116,Arjun,Singh,Ahmedabad,Gujarat,2024-04-28,Platinum
BM-C03117,Sai,Mehta,Jaipur,Rajasthan,2022-10-11,Gold
BM-C03118,Krishna,Singh,Delhi,Delhi,2021-05-07,Silver
BM-C03119,Myra,Iyer,Lucknow,Uttar Pradesh,2020-05-21,Silver
BM-C03120,Aarav,Verma,Pune,Maharashtra,2019-06-12,Gold
BM-C03121,Pari,Patel,Jaipur,Rajasthan,2020-03-16,Gold
BM-C03122,Navya,Sharma,Kolkata,West Bengal,2024-05-07,Platinum
BM-C03123,Aadhya,Gupta,Pune,Maharashtra,2021-10-11,Bronze
BM-C03124,Ananya,Mehta,Chennai,Tamil Nadu,2023-11-02,Bronze
BM-C03125,Vivaan,Gupta,Jaipur,Rajasthan,2023-03-24,Bronze
BM-C03126,Arjun,Gupta,Delhi,Delhi,2019-11-14,Silver
BM-C03127,Aditya,Patel,Hyderabad,Telangana,2022-01-14,Gold
BM-C03128,Saanvi,Patel,Delhi,Delhi,2019-08-05,Platinum
BM-C03129,Navya,Sharma,Kolkata,West Bengal,2023-06-19,Platinum
BM-C03130,Arjun,Rao,Kolkata,West Bengal,2019-10-05,Silver
BM-C03131,Sai,Verma,Ahmedabad,Gujarat,2021-03-21,Silver
BM-C03132,Vivaan,Rao,Hyderabad,Telangana,2019-03-17,Bronze
BM-C03133,Pari,Sharma,Hyderabad,Telangana,2019-05-12,Silver
BM-C03134,Arjun,Gupta,Hyderabad,Telangana,2023-04-05,Gold
BM-C03135,Aadhya,Nair,Pune,Maharashtra,2019-03-01,Gold
BM-C03136,Aarav,Nair,Ahmedabad,Gujarat,2023-09-05,Bronze
BM-C03137,Reyansh,Mehta,Mumbai,Maharashtra,2019-04-22,Silver
BM-C03138,Riya,Singh,Hyderabad,Telangana,2019-01-23,Gold
BM-C03139,Riya,Patel,Delhi,Delhi,2023-05-01,Silver
BM-C03140,Reyansh,Gupta,Kolkata,West Bengal,2023-07-25,Bronze
BM-C03141,Ishaan,Iyer,Lucknow,Uttar Pradesh,2023-09-25,Gold
BM-C03142,Aadhya,Gupta,Jaipur,Rajasthan,2020-09-18,Gold
BM-C03143,Reyansh,Patel,Pune,Maharashtra,2021-03-19,Platinum
BM-C03144,Ishaan,Singh,Delhi,Delhi,2019-03-31,Platinum
BM-C03145,Anika,Nair,Lucknow,Uttar Pradesh,2020-09-27,Silver
BM-C03146,Vivaan,Nair,Delhi,Delhi,2019-11-28,Silver
BM-C03147,Riya,Iyer,Hyderabad,Telangana,2024-11-12,Silver
BM-C03148,Ishaan,Patel,Lucknow,Uttar Pradesh,2022-12-11,Bronze
BM-C03149,Riya,Iyer,Hyderabad,Telangana,2020-11-04,Bronze
BM-C03150,Aarav,Reddy,Chennai,Tamil Nadu,2020-07-16,Gold
BM-C03151,Pari,Nair,Hyderabad,Telangana,2021-10-14,Platinum
BM-C03152,Ira,Gupta,Kolkata,West Bengal,2023-03-08,Platinum
BM-C03153,Ira,Iyer,Jaipur,Rajasthan,2024-09-03,Silver
BM-C03154,Ira,Verma,Delhi,Delhi,2019-01-01,Bronze
BM-C03155,Vivaan,Sharma,Lucknow,Uttar Pradesh,2021-05-02,Bronze
BM-C03156,Myra,Nair,Chennai,Tamil Nadu,2023-11-01,Silver
BM-C03157,Vivaan,Patel,Delhi,Delhi,2020-10-30,Silver
BM-C03158,Diya,Verma,Kolkata,West Bengal,2021-05-19,Platinum
BM-C03159,Ishaan,Sharma,Mumbai,Maharashtra,2020-01-09,Gold
BM-C03160,Krishna,Singh,Bengaluru,Karnataka,2020-09-27,Bronze
BM-C03161,Pari,Gupta,Mumbai,Maharashtra,2019-02-14,Bronze
BM-C03162,Ayaan,Singh,Delhi,Delhi,2023-12-07,Gold
BM-C03163,Aarav,Mehta,Chennai,Tamil Nadu,2023-01-30,Bronze
BM-C03164,Reyansh,Verma,Bengaluru,Karnataka,2022-05-20,Platinum
BM-C03165,Vivaan,Singh,Mumbai,Maharashtra,2022-09-05,Platinum
BM-C03166,Sai,Sharma,Kolkata,West Bengal,2023-11-27,Bronze
BM-C03167,Krishna,Iyer,Delhi,Delhi,2023-01-28,Silver
BM-C03168,Aarav,Iyer,Chennai,Tamil Nadu,2020-08-07,Silver
BM-C03169,Aarav,Sharma,Ahmedabad,Gujarat,2023-10-16,Platinum
BM-C03170,Pari,Reddy,Jaipur,Rajasthan,2019-05-27,Gold
BM-C03171,Aditya,Mehta,Pune,Maharashtra,2022-02-15,Platinum
BM-C03172,Navya,Gupta,Ahmedabad,Gujarat,2022-03-05,Gold
BM-C03173,Navya,Gupta,Jaipur,Rajasthan,2021-09-23,Gold
BM-C03174,Sai,Mehta,Kolkata,West Bengal,2022-06-02,Gold
BM-C03175,Diya,Iyer,Ahmedabad,Gujarat,2020-04-03,Platinum
BM-C03176,Saanvi,Patel,Jaipur,Rajasthan,2022-09-03,Bronze
BM-C03177,Krishna,Gupta,Lucknow,Uttar Pradesh,2021-10-30,Gold
BM-C03178,Myra,Rao,Ahmedabad,Gujarat,2024-10-14,Silver
BM-C03179,Ananya,Rao,Mumbai,Maharashtra,2024-04-26,Silver
BM-C03180,Ananya,Rao,Lucknow,Uttar Pradesh,2024-05-19,Silver
BM-C03181,Arjun,Reddy,Lucknow,Uttar Pradesh,2024-11-23,Platinum
BM-C03182,Saanvi,Verma,Delhi,Delhi,2023-04-07,Bronze
BM-C03183,Vihaan,Mehta,Jaipur,Rajasthan,2019-01-13,Gold
BM-C03184,Sai,Reddy,Jaipur,Rajasthan,2024-10-26,Gold
BM-C03185,Vihaan,Patel,Ahmedabad,Gujarat,2022-03-05,Platinum
BM-C03186,Aadhya,Reddy,Jaipur,Rajasthan,2023-11-28,Gold
BM-C03187,Vihaan,Reddy,Kolkata,West Bengal,2024-06-12,Platinum
BM-C03188,Reyansh,Sharma,Bengaluru,Karnataka,2023-04-17,Bronze
BM-C03189,Arjun,Verma,Ahmedabad,Gujarat,2024-11-29,Gold
BM-C03190,Aadhya,Iyer,Hyderabad,Telangana,2020-10-12,Bronze
BM-C03191,Aarav,Sharma,Hyderabad,Telangana,2019-04-07,Gold
BM-C03192,Reyansh,Gupta,Delhi,Delhi,2024-10-15,Bronze
BM-C03193,Krishna,Singh,Delhi,Delhi,2020-01-05,Platinum
BM-C03194,Aadhya,Sharma,Pune,Maharashtra,2024-12-08,Gold
BM-C03195,Aadhya,Patel,Pune,Maharashtra,2020-10-09,Gold
BM-C03196,Ira,Mehta,Kolkata,West Bengal,2023-01-26,Bronze
BM-C03197,Vivaan,Singh,Ahmedabad,Gujarat,2021-09-20,Gold
BM-C03198,Krishna,Singh,Mumbai,Maharashtra,2022-04-07,Bronze
BM-C03199,Riya,Mehta,Kolkata,West Bengal,2021-12-26,Platinum
BM-C03200,Aadhya,Sharma,Mumbai,Maharashtra,2023-02-23,Bronze
BM-C03201,Krishna,Rao,Ahmedabad,Gujarat,2019-10-13,Bronze
BM-C03202,Vihaan,Singh,Hyderabad,Telangana,2022-03-26,Gold
BM-C03203,Ira,Singh,Hyderabad,Telangana,2019-04-17,Gold
BM-C03204,Navya,Singh,Chennai,Tamil Nadu,2020-11-03,Platinum
BM-C03205,Aarav,Gupta,Delhi,Delhi,2024-01-18,Bronze
BM-C03206,Myra,Verma,Jaipur,Rajasthan,2023-04-09,Silver
BM-C03207,Krishna,Mehta,Ahmedabad,Gujarat,2022-04-21,Bronze
BM-C03208,Riya,Verma,Chennai,Tamil Nadu,2024-12-09,Platinum
BM-C03209,Myra,Iyer,Bengaluru,Karnataka,2020-05-20,Bronze
BM-C03210,Ira,Patel,Chennai,Tamil Nadu,2022-08-18,Bronze
BM-C03211,Aditya,Reddy,Bengaluru,Karnataka,2023-02-06,Platinum
BM-C03212,Aarav,Nair,Hyderabad,Telangana,2024-07-24,Silver
BM-C03213,Vivaan,Iyer,Kolkata,West Bengal,2020-07-21,Silver
BM-C03214,Riya,Singh,Pune,Maharashtra,2020-12-11,Platinum
BM-C03215,Vihaan,Gupta,Delhi,Delhi,2020-03-08,Silver
BM-C03216,Riya,Sharma,Lucknow,Uttar Pradesh,2022-09-23,Platinum
BM-C03217,Saanvi,Sharma,Pune,Maharashtra,2023-06-20,Gold
BM-C03218,Vihaan,Nair,Jaipur,Rajasthan,2023-01-11,Bronze
BM-C03219,Saanvi,Rao,Chennai,Tamil Nadu,2024-12-21,Platinum
BM-C03220,Aditya,Verma,Delhi,Delhi,2021-03-27,Gold
BM-C03221,Aadhya,Rao,Ahmedabad,Gujarat,2021-01-25,Silver
BM-C03222,Aarav,Gupta,Delhi,Delhi,2019-09-26,Silver
BM-C03223,Myra,Rao,Hyderabad,Telangana,2022-03-05,Gold
BM-C03224,Aditya,Gupta,Ahmedabad,Gujarat,2023-12-14,Platinum
BM-C03225,Navya,Sharma,Delhi,Delhi,2020-12-22,Silver
BM-C03226,Ishaan,Gupta,Bengaluru,Karnataka,2024-12-19,Platinum
BM-C03227,Diya,Sharma,Mumbai,Maharashtra,2023-05-05,Bronze
BM-C03228,Anika,Iyer,Delhi,Delhi,2023-12-25,Bronze
BM-C03229,Arjun,Patel,Chennai,Tamil Nadu,2021-01-27,Platinum
BM-C03230,Reyansh,Singh,Hyderabad,Telangana,2023-01-25,Platinum
BM-C03231,Vihaan,Gupta,Hyderabad,Telangana,2022-04-20,Bronze
BM-C03232,Arjun,Rao,Bengaluru,Karnataka,2020-03-27,Bronze
BM-C03233,Anika,Verma,Ahmedabad,Gujarat,2023-10-25,Silver
BM-C03234,Saanvi,Patel,Hyderabad,Telangana,2020-12-01,Gold
BM-C03235,Vivaan,Nair,Kolkata,West Bengal,2019-05-14,Gold
BM-C03236,Aarav,Reddy,Kolkata,West Bengal,2024-09-17,Gold
BM-C03237,Myra,Mehta,Kolkata,West Bengal,2020-11-29,Silver
BM-C03238,Ira,Rao,Ahmedabad,Gujarat,2022-06-17,Silver
BM-C03239,Ira,Rao,Hyderabad,Telangana,2021-06-12,Platinum
BM-C03240,Saanvi,Mehta,Delhi,Delhi,2019-04-07,Platinum
BM-C03241,Navya,Verma,Delhi,Delhi,2024-12-28,Silver
BM-C03242,Diya,Iyer,Mumbai,Maharashtra,2022-05-06,Gold
BM-C03243,Ananya,Iyer,Ahmedabad,Gujarat,2023-07-22,Gold
BM-C03244,Pari,Rao,Chennai,Tamil Nadu,2023-02-24,Platinum
BM-C03245,Navya,Mehta,Lucknow,Uttar Pradesh,2024-02-06,Silver
BM-C03246,Ananya,Verma,Ahmedabad,Gujarat,2024-11-18,Platinum
BM-C03247,Navya,Rao,Pune,Maharashtra,2024-03-29,Bronze
BM-C03248,Krishna,Iyer,Chennai,Tamil Nadu,2021-06-16,Silver
BM-C03249,Ananya,Reddy,Pune,Maharashtra,2023-10-25,Silver
BM-C03250,Ishaan,Reddy,Pune,Maharashtra,2021-11-06,Platinum
BM-C03251,Krishna,Mehta,Chennai,Tamil Nadu,2022-08-09,Silver
BM-C03252,Arjun,Iyer,Lucknow,Uttar Pradesh,2020-08-13,Gold
BM-C03253,Navya,Patel,Jaipur,Rajasthan,2020-09-27,Platinum
BM-C03254,Anika,Gupta,Lucknow,Uttar Pradesh,2019-12-31,Gold
BM-C03255,Reyansh,Mehta,Hyderabad,Telangana,2024-05-22,Gold
BM-C03256,Pari,Patel,Bengaluru,Karnataka,2021-02-02,Platinum
BM-C03257,Krishna,Mehta,Ahmedabad,Gujarat,2022-11-27,Gold
BM-C03258,Krishna,Mehta,Bengaluru,Karnataka,2019-08-12,Gold
BM-C03259,Aadhya,Rao,Delhi,Delhi,2022-05-06,Bronze
BM-C03260,Reyansh,Iyer,Delhi,Delhi,2023-03-19,Platinum
BM-C03261,Riya,Iyer,Jaipur,Rajasthan,2023-05-07,Platinum
BM-C03262,Krishna,Sharma,Hyderabad,Telangana,2022-08-21,Platinum
BM-C03263,Vihaan,Singh,Lucknow,Uttar Pradesh,2022-09-20,Platinum
BM-C03264,Vihaan,Gupta,Pune,Maharashtra,2020-07-16,Bronze
BM-C03265,Vivaan,Sharma,Pune,Maharashtra,2019-08-07,Gold
BM-C03266,Navya,Rao,Delhi,Delhi,2021-04-13,Silver
BM-C03267,Saanvi,Reddy,Delhi,Delhi,2019-05-05,Bronze
BM-C03268,Vihaan,Patel,Mumbai,Maharashtra,2024-04-23,Gold
BM-C03269,Saanvi,Reddy,Chennai,Tamil Nadu,2020-12-17,Silver
BM-C03270,Ira,Mehta,Lucknow,Uttar Pradesh,2021-04-08,Gold
BM-C03271,Arjun,Sharma,Hyderabad,Telangana,2023-09-17,Gold
BM-C03272,Sai,Nair,Hyderabad,Telangana,2020-09-23,Bronze
BM-C03273,Aditya,Mehta,Bengaluru,Karnataka,2024-03-23,Gold
BM-C03274,Vihaan,Verma,Ahmedabad,Gujarat,2021-02-03,Platinum
BM-C03275,Ayaan,Singh,Hyderabad,Telangana,2024-03-08,Silver
BM-C03276,Ayaan,Iyer,Bengaluru,Karnataka,2019-11-30,Bronze
BM-C03277,Ishaan,Nair,Hyderabad,Telangana,2023-12-06,Platinum
BM-C03278,Reyansh,Reddy,Ahmedabad,Gujarat,2019-11-08,Bronze
BM-C03279,Myra,Singh,Kolkata,West Bengal,2020-04-12,Platinum
BM-C03280,Aadhya,Sharma,Lucknow,Uttar Pradesh,2023-08-09,Gold
BM-C03281,Pari,Nair,Hyderabad,Telangana,2023-06-16,Gold
BM-C03282,Aarav,Singh,Pune,Maharashtra,2023-04-26,Platinum
BM-C03283,Ira,Reddy,Ahmedabad,Gujarat,2022-03-04,Silver
BM-C03284,Ira,Nair,Delhi,Delhi,2020-06-07,Platinum
BM-C03285,Reyansh,Patel,Hyderabad,Telangana,2022-01-02,Platinum
BM-C03286,Ayaan,Iyer,Chennai,Tamil Nadu,2020-12-18,Platinum
BM-C03287,Pari,Sharma,Lucknow,Uttar Pradesh,2024-11-02,Silver
BM-C03288,Myra,Sharma,Delhi,Delhi,2022-04-23,Gold
BM-C03289,Aadhya,Sharma,Pune,Maharashtra,2023-03-06,Platinum
BM-C03290,Saanvi,Verma,Ahmedabad,Gujarat,2022-09-20,Gold
BM-C03291,Ayaan,Iyer,Pune,Maharashtra,2022-02-12,Gold
BM-C03292,Sai,Gupta,Ahmedabad,Gujarat,2020-11-11,Silver
BM-C03293,Aadhya,Patel,Mumbai,Maharashtra,2019-05-30,Silver
BM-C03294,Sai,Verma,Delhi,Delhi,2024-03-27,Bronze
BM-C03295,Aditya,Rao,Chennai,Tamil Nadu,2021-03-03,Platinum
BM-C03296,Ishaan,Gupta,Bengaluru,Karnataka,2022-09-16,Gold
BM-C03297,Ayaan,Nair,Bengaluru,Karnataka,2021-08-26,Silver
BM-C03298,Aditya,Reddy,Jaipur,Rajasthan,2019-10-14,Bronze
BM-C03299,Sai,Iyer,Lucknow,Uttar Pradesh,2023-08-30,Platinum
BM-C03300,Sai,Reddy,Kolkata,West Bengal,2019-02-23,Silver
BM-C03301,Aditya,Verma,Lucknow,Uttar Pradesh,2019-11-12,Gold
BM-C03302,Navya,Verma,Bengaluru,Karnataka,2022-12-08,Gold
BM-C03303,Arjun,Rao,Bengaluru,Karnataka,2020-08-03,Silver
BM-C03304,Ananya,Gupta,Mumbai,Maharashtra,2021-04-26,Bronze
BM-C03305,Anika,Sharma,Jaipur,Rajasthan,2022-05-08,Silver
BM-C03306,Vivaan,Singh,Bengaluru,Karnataka,2020-04-29,Silver
BM-C03307,Ira,Patel,Hyderabad,Telangana,2023-11-18,Gold
BM-C03308,Ayaan,Singh,Ahmedabad,Gujarat,2020-06-28,Bronze
BM-C03309,Sai,Mehta,Hyderabad,Telangana,2019-05-12,Bronze
BM-C03310,Arjun,Sharma,Kolkata,West Bengal,2021-06-11,Platinum
BM-C03311,Pari,Nair,Jaipur,Rajasthan,2023-09-06,Platinum
BM-C03312,Myra,Rao,Jaipur,Rajasthan,2022-01-04,Platinum
BM-C03313,Anika,Nair,Chennai,Tamil Nadu,2020-06-02,Platinum
BM-C03314,Vivaan,Reddy,Bengaluru,Karnataka,2019-08-17,Gold
BM-C03315,Vihaan,Mehta,Chennai,Tamil Nadu,2022-07-05,Platinum
BM-C03316,Ishaan,Patel,Kolkata,West Bengal,2019-03-16,Gold
BM-C03317,Reyansh,Sharma,Ahmedabad,Gujarat,2020-10-31,Platinum
BM-C03318,Myra,Mehta,Bengaluru,Karnataka,2020-03-10,Gold
BM-C03319,Ayaan,Gupta,Kolkata,West Bengal,2019-02-20,Silver
BM-C03320,Krishna,Singh,Ahmedabad,Gujarat,2022-05-25,Platinum
BM-C03321,Diya,Reddy,Ahmedabad,Gujarat,2022-12-10,Silver
BM-C03322,Vivaan,Reddy,Kolkata,West Bengal,2020-03-28,Bronze
BM-C03323,Diya,Sharma,Chennai,Tamil Nadu,2021-12-25,Platinum
BM-C03324,Saanvi,Verma,Kolkata,West Bengal,2024-02-02,Gold
BM-C03325,Anika,Rao,Pune,Maharashtra,2023-01-22,Bronze
BM-C03326,Aditya,Patel,Ahmedabad,Gujarat,2021-10-26,Silver
BM-C03327,Anika,Gupta,Chennai,Tamil Nadu,2019-02-04,Bronze
BM-C03328,Navya,Iyer,Bengaluru,Karnataka,2019-07-06,Bronze
BM-C03329,Reyansh,Rao,Jaipur,Rajasthan,2022-02-27,Bronze
BM-C03330,Aadhya,Patel,Ahmedabad,Gujarat,2024-03-19,Platinum
BM-C03331,Ira,Patel,Pune,Maharashtra,2021-06-04,Gold
BM-C03332,Anika,Mehta,Mumbai,Maharashtra,2020-01-19,Platinum
BM-C03333,Saanvi,Rao,Ahmedabad,Gujarat,2019-04-23,Bronze
BM-C03334,Aadhya,Patel,Bengaluru,Karnataka,2024-08-14,Platinum
BM-C03335,Arjun,Gupta,Chennai,Tamil Nadu,2020-09-01,Bronze
BM-C03336,Aadhya,Iyer,Lucknow,Uttar Pradesh,2022-05-10,Silver
BM-C03337,Vivaan,Iyer,Mumbai,Maharashtra,2019-02-07,Silver
BM-C03338,Saanvi,Mehta,Hyderabad,Telangana,2020-08-24,Platinum
BM-C03339,Saanvi,Rao,Bengaluru,Karnataka,2023-11-01,Gold
BM-C03340,Aarav,Verma,Hyderabad,Telangana,2020-05-22,Bronze
BM-C03341,Pari,Verma,Chennai,Tamil Nadu,2020-11-11,Platinum
BM-C03342,Pari,Verma,Bengaluru,Karnataka,2019-09-06,Platinum
BM-C03343,Ira,Patel,Pune,Maharashtra,2022-12-27,Gold
BM-C03344,Navya,Rao,Lucknow,Uttar Pradesh,2021-10-24,Gold
BM-C03345,Arjun,Mehta,Jaipur,Rajasthan,2023-06-04,Gold
BM-C03346,Ayaan,Reddy,Lucknow,Uttar Pradesh,2019-03-11,Platinum
BM-C03347,Krishna,Patel,Ahmedabad,Gujarat,2023-04-30,Gold
BM-C03348,Aadhya,Sharma,Ahmedabad,Gujarat,2024-01-13,Gold
BM-C03349,Vihaan,Gupta,Chennai,Tamil Nadu,2023-09-21,Silver
BM-C03350,Ayaan,Singh,Hyderabad,Telangana,2020-04-21,Bronze
BM-C03351,Anika,Patel,Jaipur,Rajasthan,2022-07-06,Platinum
BM-C03352,Riya,Patel,Kolkata,West Bengal,2021-07-18,Bronze
BM-C03353,Sai,Mehta,Hyderabad,Telangana,2023-02-03,Bronze
BM-C03354,Vivaan,Nair,Pune,Maharashtra,2022-06-15,Platinum
BM-C03355,Saanvi,Singh,Bengaluru,Karnataka,2019-04-06,Gold
BM-C03356,Vihaan,Iyer,Pune,Maharashtra,2021-01-02,Platinum
BM-C03357,Aadhya,Mehta,Ahmedabad,Gujarat,2020-10-26,Platinum
BM-C03358,Ayaan,Iyer,Kolkata,West Bengal,2021-01-25,Silver
BM-C03359,Sai,Mehta,Pune,Maharashtra,2021-10-13,Platinum
BM-C03360,Vihaan,Verma,Delhi,Delhi,2019-09-13,Bronze
BM-C03361,Navya,Nair,Bengaluru,Karnataka,2023-03-11,Bronze
BM-C03362,Vivaan,Sharma,Bengaluru,Karnataka,2023-01-03,Silver
BM-C03363,Arjun,Iyer,Mumbai,Maharashtra,2022-02-13,Gold
BM-C03364,Aditya,Sharma,Lucknow,Uttar Pradesh,2020-05-28,Gold
BM-C03365,Vihaan,Sharma,Pune,Maharashtra,2023-12-16,Bronze
BM-C03366,Ira,Sharma,Mumbai,Maharashtra,2020-08-20,Silver
BM-C03367,Pari,Verma,Kolkata,West Bengal,2021-04-10,Gold
BM-C03368,Anika,Verma,Lucknow,Uttar Pradesh,2024-03-18,Gold
BM-C03369,Aditya,Singh,Bengaluru,Karnataka,2024-02-27,Gold
BM-C03370,Anika,Verma,Bengaluru,Karnataka,2023-03-23,Silver
BM-C03371,Vivaan,Nair,Chennai,Tamil Nadu,2021-11-18,Silver
BM-C03372,Myra,Patel,Ahmedabad,Gujarat,2023-05-01,Gold
BM-C03373,Aadhya,Nair,Chennai,Tamil Nadu,2020-12-31,Gold
BM-C03374,Reyansh,Reddy,Pune,Maharashtra,2022-12-04,Silver
BM-C03375,Vivaan,Verma,Bengaluru,Karnataka,2019-07-02,Bronze
BM-C03376,Vihaan,Singh,Bengaluru,Karnataka,2020-01-27,Silver
BM-C03377,Ishaan,Patel,Delhi,Delhi,2024-11-06,Gold
BM-C03378,Ayaan,Singh,Lucknow,Uttar Pradesh,2022-09-14,Platinum
BM-C03379,Navya,Mehta,Delhi,Delhi,2021-07-28,Silver
BM-C03380,Vivaan,Patel,Ahmedabad,Gujarat,2020-05-01,Platinum
BM-C03381,Diya,Verma,Hyderabad,Telangana,2019-06-01,Bronze
BM-C03382,Aadhya,Gupta,Chennai,Tamil Nadu,2023-03-27,Platinum
BM-C03383,Ananya,Singh,Kolkata,West Bengal,2020-02-17,Gold
BM-C03384,Ananya,Mehta,Kolkata,West Bengal,2024-12-14,Silver
BM-C03385,Sai,Iyer,Mumbai,Maharashtra,2022-07-15,Bronze
BM-C03386,Ananya,Gupta,Ahmedabad,Gujarat,2019-05-11,Silver
BM-C03387,Anika,Mehta,Hyderabad,Telangana,2023-03-20,Gold
BM-C03388,Sai,Nair,Hyderabad,Telangana,2019-04-30,Bronze
BM-C03389,Ananya,Mehta,Pune,Maharashtra,2022-03-04,Gold
BM-C03390,Vihaan,Singh,Mumbai,Maharashtra,2023-04-06,Silver
BM-C03391,Arjun,Patel,Hyderabad,Telangana,2024-10-14,Gold
BM-C03392,Aadhya,Rao,Jaipur,Rajasthan,2024-01-09,Silver
BM-C03393,Vivaan,Singh,Kolkata,West Bengal,2024-01-11,Gold
BM-C03394,Myra,Sharma,Jaipur,Rajasthan,2021-06-02,Gold
BM-C03395,Saanvi,Mehta,Mumbai,Maharashtra,2024-05-02,Bronze
BM-C03396,Saanvi,Singh,Ahmedabad,Gujarat,2024-03-06,Silver
BM-C03397,Riya,Reddy,Pune,Maharashtra,2022-10-27,Gold
BM-C03398,Vivaan,Reddy,Chennai,Tamil Nadu,2024-09-07,Gold
BM-C03399,Krishna,Sharma,Kolkata,West Bengal,2023-07-07,Silver
BM-C03400,Ayaan,Singh,Mumbai,Maharashtra,2021-01-12,Platinum
BM-C03401,Saanvi,Sharma,Mumbai,Maharashtra,2019-08-25,Gold
BM-C03402,Navya,Nair,Jaipur,Rajasthan,2019-02-20,Gold
BM-C03403,Vivaan,Singh,Lucknow,Uttar Pradesh,2023-12-08,Silver
BM-C03404,Navya,Iyer,Jaipur,Rajasthan,2019-12-27,Silver
BM-C03405,Navya,Patel,Kolkata,West Bengal,2020-07-04,Silver
BM-C03406,Saanvi,Verma,Mumbai,Maharashtra,2021-10-18,Silver
BM-C03407,Aarav,Verma,Ahmedabad,Gujarat,2020-02-08,Gold
BM-C03408,Ishaan,Iyer,Bengaluru,Karnataka,2022-07-15,Silver
BM-C03409,Reyansh,Gupta,Kolkata,West Bengal,2022-01-27,Bronze
BM-C03410,Ishaan,Rao,Chennai,Tamil Nadu,2024-11-18,Bronze
BM-C03411,Arjun,Verma,Delhi,Delhi,2019-01-11,Silver
BM-C03412,Krishna,Gupta,Delhi,Delhi,2019-12-19,Platinum
BM-C03413,Vihaan,Rao,Pune,Maharashtra,2023-07-19,Platinum
BM-C03414,Vihaan,Singh,Jaipur,Rajasthan,2024-09-06,Gold
BM-C03415,Diya,Verma,Delhi,Delhi,2022-01-02,Silver
BM-C03416,Reyansh,Rao,Kolkata,West Bengal,2021-02-16,Bronze
BM-C03417,Aditya,Verma,Lucknow,Uttar Pradesh,2020-05-19,Silver
BM-C03418,Sai,Rao,Pune,Maharashtra,2024-11-12,Silver
BM-C03419,Diya,Sharma,Ahmedabad,Gujarat,2021-11-22,Platinum
BM-C03420,Vihaan,Rao,Kolkata,West Bengal,2022-06-04,Silver
BM-C03421,Reyansh,Mehta,Bengaluru,Karnataka,2024-06-03,Platinum
BM-C03422,Aditya,Reddy,Lucknow,Uttar Pradesh,2024-08-03,Platinum
BM-C03423,Myra,Nair,Jaipur,Rajasthan,2021-09-28,Gold
BM-C03424,Vivaan,Sharma,Hyderabad,Telangana,2022-11-08,Silver
BM-C03425,Riya,Patel,Mumbai,Maharashtra,2019-02-23,Gold
BM-C03426,Saanvi,Sharma,Pune,Maharashtra,2021-09-06,Platinum
BM-C03427,Arjun,Verma,Delhi,Delhi,2024-01-22,Bronze
BM-C03428,Arjun,Singh,Lucknow,Uttar Pradesh,2023-03-16,Gold
BM-C03429,Ira,Sharma,Delhi,Delhi,2024-06-05,Gold
BM-C03430,Ishaan,Rao,Hyderabad,Telangana,2022-08-15,Gold
BM-C03431,Vihaan,Sharma,Mumbai,Maharashtra,2021-07-21,Silver
BM-C03432,Aadhya,Gupta,Chennai,Tamil Nadu,2021-05-22,Gold
BM-C03433,Aditya,Rao,Kolkata,West Bengal,2022-02-04,Bronze
BM-C03434,Ishaan,Iyer,Ahmedabad,Gujarat,2022-06-18,Bronze
BM-C03435,Ishaan,Patel,Mumbai,Maharashtra,2020-07-28,Bronze
BM-C03436,Anika,Mehta,Bengaluru,Karnataka,2024-02-06,Bronze
BM-C03437,Vihaan,Verma,Pune,Maharashtra,2021-03-31,Gold
BM-C03438,Vihaan,Gupta,Pune,Maharashtra,2023-11-26,Silver
BM-C03439,Aditya,Reddy,Lucknow,Uttar Pradesh,2019-06-02,Gold
BM-C03440,Navya,Rao,Chennai,Tamil Nadu,2019-09-05,Gold
BM-C03441,Ishaan,Verma,Jaipur,Rajasthan,2022-06-08,Bronze
BM-C03442,Saanvi,Verma,Chennai,Tamil Nadu,2024-08-06,Gold
BM-C03443,Vivaan,Gupta,Chennai,Tamil Nadu,2019-08-02,Bronze
BM-C03444,Aarav,Verma,Lucknow,Uttar Pradesh,2023-01-21,Bronze
BM-C03445,Diya,Nair,Ahmedabad,Gujarat,2023-08-11,Bronze
BM-C03446,Sai,Mehta,Chennai,Tamil Nadu,2023-10-10,Silver
BM-C03447,Ananya,Gupta,Delhi,Delhi,2020-07-29,Bronze
BM-C03448,Pari,Reddy,Mumbai,Maharashtra,2020-01-29,Silver
BM-C03449,Ayaan,Nair,Jaipur,Rajasthan,2019-01-17,Gold
BM-C03450,Reyansh,Singh,Lucknow,Uttar Pradesh,2023-08-29,Silver
BM-C03451,Saanvi,Reddy,Mumbai,Maharashtra,2024-03-20,Platinum
BM-C03452,Anika,Iyer,Hyderabad,Telangana,2021-12-05,Silver
BM-C03453,Riya,Nair,Kolkata,West Bengal,2023-12-02,Gold
BM-C03454,Ayaan,Mehta,Chennai,Tamil Nadu,2020-01-23,Platinum
BM-C03455,Ira,Singh,Chennai,Tamil Nadu,2019-01-05,Bronze
BM-C03456,Riya,Reddy,Kolkata,West Bengal,2021-02-24,Silver
BM-C03457,Sai,Mehta,Lucknow,Uttar Pradesh,2020-01-08,Silver
BM-C03458,Vivaan,Reddy,Bengaluru,Karnataka,2021-02-15,Bronze
BM-C03459,Aadhya,Gupta,Delhi,Delhi,2020-11-08,Gold
BM-C03460,Riya,Sharma,Delhi,Delhi,2024-07-18,Silver
BM-C03461,Aarav,Nair,Delhi,Delhi,2019-11-29,Gold
BM-C03462,Myra,Gupta,Hyderabad,Telangana,2020-04-01,Bronze
BM-C03463,Ananya,Nair,Pune,Maharashtra,2022-03-22,Gold
BM-C03464,Reyansh,Gupta,Ahmedabad,Gujarat,2020-10-04,Platinum
BM-C03465,Reyansh,Reddy,Pune,Maharashtra,2023-03-03,Platinum
BM-C03466,Saanvi,Sharma,Chennai,Tamil Nadu,2021-02-22,Bronze
BM-C03467,Myra,Gupta,Kolkata,West Bengal,2019-07-10,Bronze
BM-C03468,Anika,Iyer,Ahmedabad,Gujarat,2020-09-25,Platinum
BM-C03469,Ishaan,Gupta,Delhi,Delhi,2021-05-30,Gold
BM-C03470,Saanvi,Sharma,Bengaluru,Karnataka,2023-01-10,Bronze
BM-C03471,Myra,Patel,Lucknow,Uttar Pradesh,2021-07-30,Silver
BM-C03472,Reyansh,Iyer,Ahmedabad,Gujarat,2023-01-21,Platinum
BM-C03473,Sai,Singh,Chennai,Tamil Nadu,2020-11-16,Platinum
BM-C03474,Aarav,Reddy,Bengaluru,Karnataka,2024-06-27,Platinum
BM-C03475,Ayaan,Rao,Kolkata,West Bengal,2023-05-03,Silver
BM-C03476,Krishna,Patel,Delhi,Delhi,2023-06-10,Gold
BM-C03477,Krishna,Rao,Delhi,Delhi,2021-08-21,Platinum
BM-C03478,Aditya,Mehta,Mumbai,Maharashtra,2019-11-29,Silver
BM-C03479,Krishna,Reddy,Chennai,Tamil Nadu,2024-09-07,Silver
BM-C03480,Anika,Sharma,Ahmedabad,Gujarat,2020-04-08,Bronze
BM-C03481,Navya,Nair,Pune,Maharashtra,2023-10-31,Gold
BM-C03482,Pari,Reddy,Mumbai,Maharashtra,2020-08-05,Bronze
BM-C03483,Saanvi,Iyer,Chennai,Tamil Nadu,2024-12-02,Gold
BM-C03484,Reyansh,Nair,Lucknow,Uttar Pradesh,2024-09-12,Gold
BM-C03485,Aadhya,Singh,Delhi,Delhi,2024-04-24,Silver
BM-C03486,Ananya,Sharma,Hyderabad,Telangana,2021-11-10,Gold
BM-C03487,Ayaan,Rao,Ahmedabad,Gujarat,2021-11-01,Platinum
BM-C03488,Saanvi,Rao,Hyderabad,Telangana,2019-02-21,Bronze
BM-C03489,Riya,Gupta,Delhi,Delhi,2020-12-19,Platinum
BM-C03490,Reyansh,Singh,Mumbai,Maharashtra,2022-07-05,Bronze
BM-C03491,Navya,Singh,Delhi,Delhi,2020-02-26,Silver
BM-C03492,Reyansh,Patel,Hyderabad,Telangana,2019-10-28,Bronze
BM-C03493,Aarav,Mehta,Chennai,Tamil Nadu,2022-06-25,Bronze
BM-C03494,Riya,Singh,Chennai,Tamil Nadu,2020-10-11,Bronze
BM-C03495,Ayaan,Mehta,Pune,Maharashtra,2020-01-05,Bronze
BM-C03496,Ira,Rao,Chennai,Tamil Nadu,2024-05-08,Silver
BM-C03497,Pari,Iyer,Mumbai,Maharashtra,2023-08-09,Silver
BM-C03498,Pari,Reddy,Mumbai,Maharashtra,2022-07-03,Gold
BM-C03499,Aditya,Rao,Delhi,Delhi,2023-12-16,Silver
BM-C03500,Krishna,Sharma,Lucknow,Uttar Pradesh,2022-08-19,Gold
BM-C03501,Myra,Rao,Pune,Maharashtra,2024-12-02,Silver
BM-C03502,Vihaan,Mehta,Mumbai,Maharashtra,2019-03-08,Gold
BM-C03503,Sai,Gupta,Hyderabad,Telangana,2020-12-28,Bronze
BM-C03504,Reyansh,Reddy,Bengaluru,Karnataka,2020-09-06,Silver
BM-C03505,Myra,Sharma,Chennai,Tamil Nadu,2024-08-17,Platinum
BM-C03506,Ira,Gupta,Hyderabad,Telangana,2019-04-08,Bronze
BM-C03507,Diya,Iyer,Hyderabad,Telangana,2024-11-03,Platinum
BM-C03508,Aditya,Gupta,Bengaluru,Karnataka,2023-01-11,Platinum
BM-C03509,Sai,Patel,Mumbai,Maharashtra,2019-04-20,Silver
BM-C03510,Vihaan,Verma,Kolkata,West Bengal,2020-05-04,Silver
BM-C03511,Arjun,Nair,Delhi,Delhi,2019-12-03,Platinum
BM-C03512,Sai,Iyer,Hyderabad,Telangana,2023-06-05,Gold
BM-C03513,Sai,Mehta,Ahmedabad,Gujarat,2023-07-14,Silver
BM-C03514,Saanvi,Gupta,Ahmedabad,Gujarat,2024-03-13,Platinum
BM-C03515,Ananya,Iyer,Chennai,Tamil Nadu,2024-02-27,Silver
BM-C03516,Reyansh,Nair,Mumbai,Maharashtra,2021-07-07,Platinum
BM-C03517,Myra,Verma,Jaipur,Rajasthan,2023-12-12,Bronze
BM-C03518,Vivaan,Reddy,Bengaluru,Karnataka,2024-12-15,Bronze
BM-C03519,Pari,Nair,Jaipur,Rajasthan,2024-07-11,Silver
BM-C03520,Anika,Gupta,Mumbai,Maharashtra,2023-08-02,Silver
BM-C03521,Ayaan,Sharma,Bengaluru,Karnataka,2023-04-29,Bronze
BM-C03522,Navya,Rao,Hyderabad,Telangana,2019-09-17,Gold
BM-C03523,Navya,Verma,Jaipur,Rajasthan,2021-03-17,Gold
BM-C03524,Navya,Gupta,Pune,Maharashtra,2020-07-07,Bronze
BM-C03525,Pari,Reddy,Kolkata,West Bengal,2020-03-10,Silver
BM-C03526,Anika,Gupta,Delhi,Delhi,2024-04-25,Platinum
BM-C03527,Saanvi,Rao,Delhi,Delhi,2019-09-07,Gold
BM-C03528,Sai,Iyer,Ahmedabad,Gujarat,2021-11-15,Bronze
BM-C03529,Aarav,Sharma,Mumbai,Maharashtra,2024-08-27,Bronze
BM-C03530,Aditya,Patel,Mumbai,Maharashtra,2020-05-27,Bronze
BM-C03531,Reyansh,Singh,Delhi,Delhi,2019-11-02,Platinum
BM-C03532,Diya,Sharma,Jaipur,Rajasthan,2024-05-13,Bronze
BM-C03533,Diya,Patel,Bengaluru,Karnataka,2022-03-23,Bronze
BM-C03534,Ishaan,Iyer,Jaipur,Rajasthan,2021-03-21,Silver
BM-C03535,Navya,Gupta,Delhi,Delhi,2024-02-09,Platinum
BM-C03536,Pari,Rao,Chennai,Tamil Nadu,2019-08-26,Silver
BM-C03537,Ishaan,Rao,Bengaluru,Karnataka,2024-04-15,Bronze
BM-C03538,Aadhya,Singh,Pune,Maharashtra,2019-05-06,Platinum
BM-C03539,Aarav,Sharma,Ahmedabad,Gujarat,2024-02-05,Bronze
BM-C03540,Krishna,Reddy,Mumbai,Maharashtra,2022-03-20,Gold
BM-C03541,Aditya,Patel,Pune,Maharashtra,2023-05-22,Gold
BM-C03542,Arjun,Nair,Jaipur,Rajasthan,2022-03-19,Bronze
BM-C03543,Saanvi,Gupta,Hyderabad,Telangana,2021-04-17,Silver
BM-C03544,Diya,Sharma,Pune,Maharashtra,2022-02-11,Gold
BM-C03545,Riya,Nair,Bengaluru,Karnataka,2019-05-11,Bronze
BM-C03546,Vivaan,Nair,Ahmedabad,Gujarat,2020-10-07,Silver
BM-C03547,Ira,Mehta,Kolkata,West Bengal,2023-10-01,Platinum
BM-C03548,Diya,Sharma,Lucknow,Uttar Pradesh,2024-04-23,Silver
BM-C03549,Aditya,Sharma,Bengaluru,Karnataka,2021-04-12,Bronze
BM-C03550,Aadhya,Iyer,Delhi,Delhi,2023-07-01,Bronze
BM-C03551,Anika,Sharma,Jaipur,Rajasthan,2021-03-23,Gold
BM-C03552,Navya,Singh,Bengaluru,Karnataka,2023-03-29,Silver
BM-C03553,Reyansh,Nair,Jaipur,Rajasthan,2020-08-06,Bronze
BM-C03554,Krishna,Reddy,Kolkata,West Bengal,2020-04-26,Bronze
BM-C03555,Aadhya,Mehta,Bengaluru,Karnataka,2024-10-07,Gold
BM-C03556,Anika,Mehta,Bengaluru,Karnataka,2024-06-27,Gold
BM-C03557,Ishaan,Gupta,Kolkata,West Bengal,2019-03-06,Silver
BM-C03558,Arjun,Patel,Kolkata,West Bengal,2023-06-30,Platinum
BM-C03559,Vihaan,Iyer,Hyderabad,Telangana,2021-02-21,Bronze
BM-C03560,Vivaan,Nair,Ahmedabad,Gujarat,2021-06-25,Platinum
BM-C03561,Diya,Patel,Bengaluru,Karnataka,2021-06-21,Bronze
BM-C03562,Aadhya,Reddy,Bengaluru,Karnataka,2024-09-30,Gold
BM-C03563,Navya,Gupta,Pune,Maharashtra,2021-07-01,Silver
BM-C03564,Aditya,Singh,Mumbai,Maharashtra,2022-03-18,Gold
BM-C03565,Krishna,Iyer,Kolkata,West Bengal,2023-05-13,Bronze
BM-C03566,Vihaan,Patel,Hyderabad,Telangana,2021-01-20,Silver
BM-C03567,Ananya,Gupta,Chennai,Tamil Nadu,2022-12-17,Bronze
BM-C03568,Vivaan,Iyer,Pune,Maharashtra,2024-11-03,Bronze
BM-C03569,Ayaan,Reddy,Chennai,Tamil Nadu,2020-11-02,Silver
BM-C03570,Reyansh,Rao,Pune,Maharashtra,2021-03-11,Gold
BM-C03571,Aadhya,Reddy,Delhi,Delhi,2020-03-15,Bronze
BM-C03572,Vihaan,Mehta,Delhi,Delhi,2022-11-13,Platinum
BM-C03573,Navya,Sharma,Delhi,Delhi,2024-02-28,Silver
BM-C03574,Riya,Verma,Hyderabad,Telangana,2024-05-14,Silver
BM-C03575,Reyansh,Gupta,Ahmedabad,Gujarat,2022-06-12,Gold
BM-C03576,Vivaan,Nair,Hyderabad,Telangana,2019-04-18,Bronze
BM-C03577,Ira,Rao,Delhi,Delhi,2023-03-24,Gold
BM-C03578,Vihaan,Singh,Kolkata,West Bengal,2023-04-05,Platinum
BM-C03579,Anika,Sharma,Jaipur,Rajasthan,2019-02-03,Silver
BM-C03580,Aarav,Sharma,Hyderabad,Telangana,2023-12-26,Bronze
BM-C03581,Saanvi,Verma,Pune,Maharashtra,2023-09-04,Silver
BM-C03582,Anika,Sharma,Lucknow,Uttar Pradesh,2021-01-29,Platinum
BM-C03583,Pari,Singh,Pune,Maharashtra,2021-03-30,Gold
BM-C03584,Vihaan,Nair,Lucknow,Uttar Pradesh,2019-01-10,Silver
BM-C03585,Diya,Mehta,Kolkata,West Bengal,2021-12-10,Silver
BM-C03586,Aditya,Iyer,Mumbai,Maharashtra,2024-02-19,Bronze
BM-C03587,Anika,Mehta,Delhi,Delhi,2021-06-10,Bronze
BM-C03588,Ishaan,Reddy,Jaipur,Rajasthan,2020-12-19,Platinum
BM-C03589,Pari,Patel,Jaipur,Rajasthan,2019-03-23,Silver
BM-C03590,Reyansh,Gupta,Kolkata,West Bengal,2020-05-04,Silver
BM-C03591,Ira,Rao,Lucknow,Uttar Pradesh,2020-04-04,Bronze
BM-C03592,Myra,Iyer,Hyderabad,Telangana,2021-11-07,Gold
BM-C03593,Aditya,Verma,Kolkata,West Bengal,2021-03-03,Bronze
BM-C03594,Arjun,Rao,Chennai,Tamil Nadu,2023-07-24,Platinum
BM-C03595,Diya,Sharma,Mumbai,Maharashtra,2021-11-14,Silver
BM-C03596,Aadhya,Nair,Ahmedabad,Gujarat,2022-09-14,Bronze
BM-C03597,Vihaan,Verma,Jaipur,Rajasthan,2020-02-05,Platinum
BM-C03598,Vivaan,Reddy,Mumbai,Maharashtra,2019-06-22,Silver
BM-C03599,Aadhya,Nair,Pune,Maharashtra,2024-03-02,Bronze
BM-C03600,Aadhya,Gupta,Mumbai,Maharashtra,2024-10-28,Platinum
BM-C03601,Ananya,Reddy,Delhi,Delhi,2019-11-07,Silver
BM-C03602,Krishna,Patel,Hyderabad,Telangana,2022-01-10,Bronze
BM-C03603,Anika,Rao,Kolkata,West Bengal,2020-07-23,Platinum
BM-C03604,Vihaan,Singh,Lucknow,Uttar Pradesh,2024-04-30,Platinum
BM-C03605,Navya,Gupta,Kolkata,West Bengal,2024-04-13,Silver
BM-C03606,Krishna,Iyer,Jaipur,Rajasthan,2019-05-06,Bronze
BM-C03607,Ishaan,Rao,Hyderabad,Telangana,2019-01-16,Platinum
BM-C03608,Ananya,Iyer,Hyderabad,Telangana,2021-01-07,Platinum
BM-C03609,Anika,Gupta,Jaipur,Rajasthan,2022-06-19,Bronze
BM-C03610,Ayaan,Patel,Hyderabad,Telangana,2024-03-24,Bronze
BM-C03611,Vihaan,Patel,Mumbai,Maharashtra,2022-11-03,Bronze
BM-C03612,Vivaan,Rao,Lucknow,Uttar Pradesh,2022-02-18,Bronze
BM-C03613,Ishaan,Mehta,Chennai,Tamil Nadu,2020-07-18,Bronze
BM-C03614,Krishna,Mehta,Ahmedabad,Gujarat,2020-05-29,Platinum
BM-C03615,Riya,Mehta,Lucknow,Uttar Pradesh,2024-04-28,Platinum
BM-C03616,Riya,Nair,Lucknow,Uttar Pradesh,2024-08-02,Gold
BM-C03617,Ira,Mehta,Jaipur,Rajasthan,2024-09-30,Platinum
BM-C03618,Anika,Iyer,Delhi,Delhi,2020-03-27,Gold
BM-C03619,Aadhya,Mehta,Lucknow,Uttar Pradesh,2021-02-10,Silver
BM-C03620,Riya,Verma,Pune,Maharashtra,2021-07-03,Bronze
BM-C03621,Ishaan,Mehta,Jaipur,Rajasthan,2024-04-06,Silver
BM-C03622,Reyansh,Verma,Bengaluru,Karnataka,2020-07-28,Silver
BM-C03623,Arjun,Nair,Chennai,Tamil Nadu,2022-06-09,Bronze
BM-C03624,Ira,Sharma,Kolkata,West Bengal,2023-09-30,Platinum
BM-C03625,Aadhya,Verma,Bengaluru,Karnataka,2022-11-21,Platinum
BM-C03626,Myra,Gupta,Mumbai,Maharashtra,2020-11-01,Gold
BM-C03627,Ayaan,Rao,Jaipur,Rajasthan,2024-02-29,Silver
BM-C03628,Ira,Patel,Pune,Maharashtra,2024-07-13,Silver
BM-C03629,Arjun,Rao,Jaipur,Rajasthan,2019-02-24,Gold
BM-C03630,Diya,Nair,Mumbai,Maharashtra,2024-08-23,Bronze
BM-C03631,Riya,Mehta,Bengaluru,Karnataka,2022-09-10,Gold
BM-C03632,Navya,Gupta,Mumbai,Maharashtra,2022-06-16,Gold
BM-C03633,Arjun,Nair,Jaipur,Rajasthan,2024-08-15,Gold
BM-C03634,Navya,Nair,Delhi,Delhi,2023-11-15,Platinum
BM-C03635,Saanvi,Verma,Pune,Maharashtra,2020-11-04,Bronze
BM-C03636,Pari,Nair,Jaipur,Rajasthan,2019-11-02,Silver
BM-C03637,Anika,Patel,Hyderabad,Telangana,2023-11-11,Gold
BM-C03638,Krishna,Reddy,Delhi,Delhi,2021-04-09,Platinum
BM-C03639,Arjun,Reddy,Jaipur,Rajasthan,2023-12-31,Gold
BM-C03640,Krishna,Sharma,Jaipur,Rajasthan,2019-04-02,Silver
BM-C03641,Ayaan,Sharma,Ahmedabad,Gujarat,2019-01-21,Platinum
BM-C03642,Aadhya,Nair,Lucknow,Uttar Pradesh,2019-07-14,Bronze
BM-C03643,Aadhya,Rao,Delhi,Delhi,2020-09-19,Bronze
BM-C03644,Reyansh,Mehta,Delhi,Delhi,2021-11-06,Bronze
BM-C03645,Aditya,Nair,Mumbai,Maharashtra,2023-06-28,Bronze
BM-C03646,Krishna,Verma,Lucknow,Uttar Pradesh,2021-06-29,Bronze
BM-C03647,Vivaan,Singh,Pune,Maharashtra,2022-06-20,Silver
BM-C03648,Reyansh,Mehta,Jaipur,Rajasthan,2022-10-09,Platinum
BM-C03649,Vivaan,Patel,Bengaluru,Karnataka,2020-11-16,Gold
BM-C03650,Aarav,Singh,Chennai,Tamil Nadu,2022-10-01,Platinum
BM-C03651,Ishaan,Nair,Lucknow,Uttar Pradesh,2020-05-19,Bronze
BM-C03652,Arjun,Nair,Ahmedabad,Gujarat,2022-07-02,Silver
BM-C03653,Arjun,Patel,Lucknow,Uttar Pradesh,2019-03-02,Bronze
BM-C03654,Pari,Nair,Ahmedabad,Gujarat,2019-05-29,Silver
BM-C03655,Ira,Verma,Lucknow,Uttar Pradesh,2021-03-29,Bronze
BM-C03656,Anika,Rao,Kolkata,West Bengal,2021-03-27,Bronze
BM-C03657,Reyansh,Reddy,Hyderabad,Telangana,2022-11-11,Silver
BM-C03658,Arjun,Patel,Delhi,Delhi,2022-01-16,Silver
BM-C03659,Diya,Nair,Hyderabad,Telangana,2019-12-04,Platinum
BM-C03660,Aditya,Singh,Jaipur,Rajasthan,2019-02-03,Silver
BM-C03661,Vihaan,Verma,Bengaluru,Karnataka,2024-02-17,Silver
BM-C03662,Aadhya,Verma,Mumbai,Maharashtra,2020-11-11,Platinum
BM-C03663,Anika,Patel,Hyderabad,Telangana,2020-02-16,Platinum
BM-C03664,Navya,Mehta,Ahmedabad,Gujarat,2021-12-07,Platinum
BM-C03665,Reyansh,Reddy,Delhi,Delhi,2022-10-22,Bronze
BM-C03666,Ishaan,Iyer,Jaipur,Rajasthan,2021-04-02,Bronze
BM-C03667,Riya,Patel,Bengaluru,Karnataka,2019-05-29,Silver
BM-C03668,Ishaan,Rao,Kolkata,West Bengal,2019-05-14,Bronze
BM-C03669,Krishna,Iyer,Kolkata,West Bengal,2019-06-14,Silver
BM-C03670,Reyansh,Iyer,Ahmedabad,Gujarat,2019-11-12,Platinum
BM-C03671,Navya,Verma,Ahmedabad,Gujarat,2020-03-16,Platinum
BM-C03672,Anika,Gupta,Ahmedabad,Gujarat,2020-08-02,Bronze
BM-C03673,Sai,Verma,Mumbai,Maharashtra,2023-03-08,Silver
BM-C03674,Reyansh,Iyer,Delhi,Delhi,2023-06-02,Platinum
BM-C03675,Riya,Rao,Bengaluru,Karnataka,2021-11-22,Platinum
BM-C03676,Myra,Reddy,Lucknow,Uttar Pradesh,2022-08-16,Silver
BM-C03677,Ayaan,Verma,Jaipur,Rajasthan,2023-05-20,Silver
BM-C03678,Ananya,Nair,Jaipur,Rajasthan,2019-04-01,Gold
BM-C03679,Riya,Singh,Hyderabad,Telangana,2019-03-13,Platinum
BM-C03680,Navya,Nair,Lucknow,Uttar Pradesh,2022-06-05,Bronze
BM-C03681,Pari,Sharma,Ahmedabad,Gujarat,2022-06-05,Platinum
BM-C03682,Aadhya,Rao,Hyderabad,Telangana,2020-03-31,Bronze
BM-C03683,Aarav,Nair,Pune,Maharashtra,2023-08-07,Silver
BM-C03684,Sai,Gupta,Delhi,Delhi,2020-11-26,Gold
BM-C03685,Sai,Verma,Pune,Maharashtra,2022-05-07,Gold
BM-C03686,Ananya,Rao,Mumbai,Maharashtra,2022-10-21,Bronze
BM-C03687,Aadhya,Mehta,Chennai,Tamil Nadu,2020-04-12,Bronze
BM-C03688,Sai,Verma,Jaipur,Rajasthan,2023-11-08,Silver
BM-C03689,Riya,Nair,Pune,Maharashtra,2022-11-19,Bronze
BM-C03690,Riya,Rao,Jaipur,Rajasthan,2024-10-19,Gold
BM-C03691,Saanvi,Mehta,Hyderabad,Telangana,2024-03-06,Gold
BM-C03692,Aarav,Gupta,Jaipur,Rajasthan,2020-01-30,Bronze
BM-C03693,Vivaan,Mehta,Pune,Maharashtra,2024-11-19,Silver
BM-C03694,Saanvi,Mehta,Jaipur,Rajasthan,2024-11-18,Gold
BM-C03695,Ishaan,Gupta,Jaipur,Rajasthan,2021-07-15,Gold
BM-C03696,Anika,Rao,Lucknow,Uttar Pradesh,2024-05-09,Bronze
BM-C03697,Ishaan,Patel,Delhi,Delhi,2022-11-04,Platinum
BM-C03698,Myra,Verma,Mumbai,Maharashtra,2022-01-13,Silver
BM-C03699,Navya,Nair,Hyderabad,Telangana,2022-10-22,Platinum
BM-C03700,Reyansh,Rao,Ahmedabad,Gujarat,2024-08-02,Silver
BM-C03701,Ira,Singh,Mumbai,Maharashtra,2021-05-04,Platinum
BM-C03702,Ira,Verma,Delhi,Delhi,2024-05-04,Platinum
BM-C03703,Ira,Rao,Ahmedabad,Gujarat,2023-03-11,Platinum
BM-C03704,Arjun,Mehta,Jaipur,Rajasthan,2023-11-21,Platinum
BM-C03705,Pari,Gupta,Jaipur,Rajasthan,2020-02-07,Gold
BM-C03706,Riya,Reddy,Jaipur,Rajasthan,2023-03-15,Bronze
BM-C03707,Ananya,Rao,Jaipur,Rajasthan,2019-01-03,Platinum
BM-C03708,Ayaan,Patel,Bengaluru,Karnataka,2019-06-11,Gold
BM-C03709,Diya,Nair,Mumbai,Maharashtra,2022-03-29,Gold
BM-C03710,Riya,Sharma,Ahmedabad,Gujarat,2019-04-06,Bronze
BM-C03711,Krishna,Rao,Bengaluru,Karnataka,2020-06-30,Gold
BM-C03712,Krishna,Iyer,Pune,Maharashtra,2020-07-21,Platinum
BM-C03713,Riya,Nair,Ahmedabad,Gujarat,2020-09-01,Silver
BM-C03714,Ira,Iyer,Pune,Maharashtra,2020-07-30,Silver
BM-C03715,Navya,Mehta,Bengaluru,Karnataka,2021-04-16,Platinum
BM-C03716,Reyansh,Rao,Hyderabad,Telangana,2023-11-14,Bronze
BM-C03717,Aadhya,Gupta,Pune,Maharashtra,2021-03-21,Bronze
BM-C03718,Sai,Rao,Pune,Maharashtra,2021-11-15,Platinum
BM-C03719,Ananya,Nair,Bengaluru,Karnataka,2020-06-04,Silver
BM-C03720,Riya,Reddy,Kolkata,West Bengal,2024-11-28,Silver
BM-C03721,Anika,Mehta,Pune,Maharashtra,2024-11-02,Gold
BM-C03722,Ayaan,Rao,Delhi,Delhi,2019-11-26,Platinum
BM-C03723,Diya,Sharma,Pune,Maharashtra,2024-06-29,Platinum
BM-C03724,Krishna,Nair,Jaipur,Rajasthan,2023-10-02,Gold
BM-C03725,Ira,Patel,Mumbai,Maharashtra,2023-02-24,Gold
BM-C03726,Ayaan,Sharma,Chennai,Tamil Nadu,2020-08-26,Gold
BM-C03727,Vihaan,Rao,Lucknow,Uttar Pradesh,2023-11-28,Bronze
BM-C03728,Pari,Mehta,Delhi,Delhi,2023-02-13,Silver
BM-C03729,Reyansh,Rao,Mumbai,Maharashtra,2024-12-29,Gold
BM-C03730,Ayaan,Iyer,Lucknow,Uttar Pradesh,2019-04-28,Bronze
BM-C03731,Reyansh,Nair,Pune,Maharashtra,2021-08-13,Bronze
BM-C03732,Ishaan,Singh,Pune,Maharashtra,2019-12-01,Gold
BM-C03733,Reyansh,Verma,Pune,Maharashtra,2020-11-03,Silver
BM-C03734,Ira,Reddy,Pune,Maharashtra,2022-07-27,Platinum
BM-C03735,Vihaan,Reddy,Jaipur,Rajasthan,2022-08-17,Platinum
BM-C03736,Vivaan,Sharma,Pune,Maharashtra,2024-04-12,Gold
BM-C03737,Vihaan,Iyer,Bengaluru,Karnataka,2019-09-28,Bronze
BM-C03738,Sai,Singh,Pune,Maharashtra,2022-04-04,Bronze
BM-C03739,Anika,Singh,Lucknow,Uttar Pradesh,2023-10-11,Bronze
BM-C03740,Arjun,Singh,Lucknow,Uttar Pradesh,2019-01-21,Gold
BM-C03741,Arjun,Reddy,Pune,Maharashtra,2023-05-17,Gold
BM-C03742,Sai,Gupta,Kolkata,West Bengal,2021-10-25,Platinum
BM-C03743,Vivaan,Patel,Kolkata,West Bengal,2023-12-19,Platinum
BM-C03744,Navya,Singh,Ahmedabad,Gujarat,2021-05-18,Gold
BM-C03745,Arjun,Singh,Bengaluru,Karnataka,2021-11-15,Gold
BM-C03746,Navya,Patel,Chennai,Tamil Nadu,2024-01-02,Platinum
BM-C03747,Ananya,Mehta,Pune,Maharashtra,2021-06-13,Silver
BM-C03748,Arjun,Iyer,Jaipur,Rajasthan,2024-03-23,Bronze
BM-C03749,Saanvi,Patel,Delhi,Delhi,2019-03-20,Silver
BM-C03750,Vivaan,Sharma,Mumbai,Maharashtra,2020-04-29,Gold
BM-C03751,Ayaan,Mehta,Pune,Maharashtra,2024-07-04,Silver
BM-C03752,Ayaan,Gupta,Delhi,Delhi,2024-06-19,Bronze
BM-C03753,Ananya,Verma,Pune,Maharashtra,2020-10-09,Bronze
BM-C03754,Ananya,Singh,Pune,Maharashtra,2019-04-15,Silver
BM-C03755,Navya,Gupta,Kolkata,West Bengal,2024-10-19,Bronze
BM-C03756,Ishaan,Iyer,Chennai,Tamil Nadu,2023-06-03,Platinum
BM-C03757,Riya,Mehta,Kolkata,West Bengal,2023-03-05,Silver
BM-C03758,Ayaan,Nair,Ahmedabad,Gujarat,2022-10-27,Platinum
BM-C03759,Saanvi,Gupta,Chennai,Tamil Nadu,2019-01-20,Silver
BM-C03760,Anika,Gupta,Pune,Maharashtra,2022-02-19,Gold
BM-C03761,Aditya,Rao,Hyderabad,Telangana,2020-11-09,Silver
BM-C03762,Vihaan,Gupta,Jaipur,Rajasthan,2020-08-14,Bronze
BM-C03763,Reyansh,Mehta,Bengaluru,Karnataka,2020-03-20,Bronze
BM-C03764,Ira,Verma,Chennai,Tamil Nadu,2019-07-03,Platinum
BM-C03765,Aditya,Rao,Mumbai,Maharashtra,2021-01-30,Platinum
BM-C03766,Pari,Gupta,Chennai,Tamil Nadu,2020-09-25,Platinum
BM-C03767,Aarav,Rao,Pune,Maharashtra,2020-05-27,Platinum
BM-C03768,Anika,Verma,Kolkata,West Bengal,2024-08-28,Platinum
BM-C03769,Sai,Patel,Bengaluru,Karnataka,2023-01-31,Platinum
BM-C03770,Krishna,Patel,Pune,Maharashtra,2023-10-13,Gold
BM-C03771,Arjun,Nair,Ahmedabad,Gujarat,2020-04-25,Bronze
BM-C03772,Arjun,Mehta,Pune,Maharashtra,2019-10-08,Platinum
BM-C03773,Navya,Reddy,Kolkata,West Bengal,2019-11-14,Platinum
BM-C03774,Navya,Gupta,Mumbai,Maharashtra,2022-09-27,Bronze
BM-C03775,Sai,Verma,Ahmedabad,Gujarat,2022-11-21,Silver
BM-C03776,Myra,Reddy,Hyderabad,Telangana,2023-10-20,Silver
BM-C03777,Ananya,Gupta,Mumbai,Maharashtra,2020-06-20,Silver
BM-C03778,Riya,Mehta,Lucknow,Uttar Pradesh,2020-10-27,Platinum
BM-C03779,Vihaan,Nair,Bengaluru,Karnataka,2021-10-12,Bronze
BM-C03780,Ayaan,Rao,Chennai,Tamil Nadu,2023-09-07,Silver
BM-C03781,Sai,Patel,Hyderabad,Telangana,2024-07-22,Gold
BM-C03782,Riya,Rao,Hyderabad,Telangana,2020-09-23,Gold
BM-C03783,Ishaan,Iyer,Jaipur,Rajasthan,2022-07-22,Bronze
BM-C03784,Myra,Singh,Ahmedabad,Gujarat,2020-11-10,Silver
BM-C03785,Ishaan,Reddy,Kolkata,West Bengal,2019-03-02,Gold
BM-C03786,Krishna,Mehta,Chennai,Tamil Nadu,2023-03-28,Bronze
BM-C03787,Myra,Mehta,Bengaluru,Karnataka,2023-12-15,Platinum
BM-C03788,Sai,Mehta,Mumbai,Maharashtra,2020-06-25,Platinum
BM-C03789,Sai,Sharma,Delhi,Delhi,2021-10-25,Silver
BM-C03790,Myra,Rao,Lucknow,Uttar Pradesh,2023-03-27,Bronze
BM-C03791,Pari,Patel,Hyderabad,Telangana,2020-03-05,Silver
BM-C03792,Arjun,Sharma,Bengaluru,Karnataka,2024-09-28,Bronze
BM-C03793,Diya,Nair,Bengaluru,Karnataka,2019-06-18,Silver
BM-C03794,Vivaan,Sharma,Bengaluru,Karnataka,2021-04-04,Platinum
BM-C03795,Myra,Rao,Lucknow,Uttar Pradesh,2023-04-14,Platinum
BM-C03796,Reyansh,Patel,Pune,Maharashtra,2024-09-04,Gold
BM-C03797,Ayaan,Rao,Bengaluru,Karnataka,2022-05-10,Bronze
BM-C03798,Reyansh,Sharma,Mumbai,Maharashtra,2021-05-14,Gold
BM-C03799,Aadhya,Verma,Hyderabad,Telangana,2023-11-15,Gold
BM-C03800,Myra,Verma,Delhi,Delhi,2021-12-13,Silver
BM-C03801,Riya,Verma,Hyderabad,Telangana,2019-03-12,Silver
BM-C03802,Sai,Mehta,Lucknow,Uttar Pradesh,2021-12-17,Bronze
BM-C03803,Ishaan,Reddy,Delhi,Delhi,2023-01-24,Gold
BM-C03804,Reyansh,Sharma,Jaipur,Rajasthan,2024-03-16,Silver
BM-C03805,Riya,Nair,Mumbai,Maharashtra,2022-12-31,Bronze
BM-C03806,Riya,Singh,Hyderabad,Telangana,2019-10-16,Bronze
BM-C03807,Aadhya,Sharma,Bengaluru,Karnataka,2024-05-21,Silver
BM-C03808,Vihaan,Reddy,Bengaluru,Karnataka,2020-05-04,Bronze
BM-C03809,Saanvi,Singh,Ahmedabad,Gujarat,2024-08-13,Silver
BM-C03810,Vihaan,Mehta,Mumbai,Maharashtra,2024-09-23,Bronze
BM-C03811,Vihaan,Nair,Delhi,Delhi,2022-06-05,Bronze
BM-C03812,Sai,Sharma,Bengaluru,Karnataka,2020-01-11,Bronze
BM-C03813,Arjun,Patel,Ahmedabad,Gujarat,2024-08-17,Platinum
BM-C03814,Reyansh,Mehta,Hyderabad,Telangana,2020-10-27,Bronze
BM-C03815,Riya,Reddy,Chennai,Tamil Nadu,2022-09-02,Platinum
BM-C03816,Reyansh,Rao,Pune,Maharashtra,2019-02-11,Silver
BM-C03817,Ishaan,Rao,Ahmedabad,Gujarat,2019-11-18,Silver
BM-C03818,Sai,Verma,Chennai,Tamil Nadu,2019-10-07,Gold
BM-C03819,Navya,Nair,Mumbai,Maharashtra,2024-04-26,Silver
BM-C03820,Aarav,Mehta,Pune,Maharashtra,2024-08-27,Gold
BM-C03821,Arjun,Mehta,Bengaluru,Karnataka,2021-06-09,Platinum
BM-C03822,Aarav,Mehta,Bengaluru,Karnataka,2020-08-24,Gold
BM-C03823,Aadhya,Verma,Pune,Maharashtra,2024-07-28,Bronze
BM-C03824,Riya,Mehta,Hyderabad,Telangana,2021-12-08,Silver
BM-C03825,Pari,Sharma,Lucknow,Uttar Pradesh,2019-10-29,Silver
BM-C03826,Vihaan,Gupta,Ahmedabad,Gujarat,2021-05-05,Silver
BM-C03827,Diya,Rao,Kolkata,West Bengal,2021-10-11,Gold
BM-C03828,Ishaan,Gupta,Kolkata,West Bengal,2020-10-20,Bronze
BM-C03829,Aditya,Gupta,Chennai,Tamil Nadu,2019-03-21,Silver
BM-C03830,Vivaan,Nair,Ahmedabad,Gujarat,2020-01-18,Gold
BM-C03831,Sai,Singh,Lucknow,Uttar Pradesh,2020-12-18,Platinum
BM-C03832,Vivaan,Gupta,Chennai,Tamil Nadu,2024-02-05,Bronze
BM-C03833,Aditya,Nair,Ahmedabad,Gujarat,2022-08-17,Bronze
BM-C03834,Ayaan,Gupta,Kolkata,West Bengal,2020-01-28,Gold
BM-C03835,Vihaan,Patel,Jaipur,Rajasthan,2021-09-19,Gold
BM-C03836,Aarav,Reddy,Bengaluru,Karnataka,2024-12-18,Gold
BM-C03837,Ayaan,Sharma,Mumbai,Maharashtra,2020-01-23,Bronze
BM-C03838,Diya,Nair,Lucknow,Uttar Pradesh,2023-03-23,Platinum
BM-C03839,Saanvi,Iyer,Pune,Maharashtra,2024-04-19,Bronze
BM-C03840,Myra,Mehta,Pune,Maharashtra,2024-10-04,Gold
BM-C03841,Ishaan,Nair,Pune,Maharashtra,2020-06-19,Silver
BM-C03842,Pari,Verma,Chennai,Tamil Nadu,2020-03-01,Gold
BM-C03843,Saanvi,Sharma,Ahmedabad,Gujarat,2019-12-10,Bronze
BM-C03844,Vivaan,Verma,Jaipur,Rajasthan,2023-05-17,Bronze
BM-C03845,Reyansh,Sharma,Mumbai,Maharashtra,2022-07-05,Silver
BM-C03846,Myra,Nair,Delhi,Delhi,2021-05-08,Bronze
BM-C03847,Sai,Nair,Ahmedabad,Gujarat,2023-05-24,Bronze
BM-C03848,Aarav,Rao,Jaipur,Rajasthan,2019-10-30,Gold
BM-C03849,Vihaan,Gupta,Ahmedabad,Gujarat,2024-01-16,Bronze
BM-C03850,Ananya,Sharma,Delhi,Delhi,2022-12-10,Bronze
BM-C03851,Anika,Sharma,Hyderabad,Telangana,2022-06-23,Platinum
BM-C03852,Ayaan,Sharma,Delhi,Delhi,2022-12-06,Silver
BM-C03853,Aditya,Sharma,Pune,Maharashtra,2021-06-12,Gold
BM-C03854,Krishna,Singh,Jaipur,Rajasthan,2021-07-21,Silver
BM-C03855,Sai,Verma,Kolkata,West Bengal,2024-12-27,Silver
BM-C03856,Aarav,Mehta,Mumbai,Maharashtra,2022-09-13,Silver
BM-C03857,Navya,Rao,Pune,Maharashtra,2024-10-02,Gold
BM-C03858,Saanvi,Nair,Ahmedabad,Gujarat,2024-01-27,Gold
BM-C03859,Aarav,Reddy,Ahmedabad,Gujarat,2020-01-10,Bronze
BM-C03860,Reyansh,Reddy,Pune,Maharashtra,2024-02-29,Platinum
BM-C03861,Myra,Iyer,Bengaluru,Karnataka,2022-09-21,Platinum
BM-C03862,Arjun,Verma,Kolkata,West Bengal,2022-01-02,Bronze
BM-C03863,Ayaan,Gupta,Jaipur,Rajasthan,2024-12-13,Platinum
BM-C03864,Vivaan,Sharma,Mumbai,Maharashtra,2021-04-06,Platinum
BM-C03865,Saanvi,Verma,Kolkata,West Bengal,2021-08-23,Gold
BM-C03866,Aarav,Verma,Lucknow,Uttar Pradesh,2019-12-28,Bronze
BM-C03867,Riya,Singh,Ahmedabad,Gujarat,2024-09-01,Platinum
BM-C03868,Krishna,Sharma,Delhi,Delhi,2019-03-03,Gold
BM-C03869,Ayaan,Rao,Lucknow,Uttar Pradesh,2023-09-12,Bronze
BM-C03870,Krishna,Mehta,Lucknow,Uttar Pradesh,2019-01-10,Gold
BM-C03871,Aditya,Patel,Hyderabad,Telangana,2020-06-18,Bronze
BM-C03872,Ira,Mehta,Chennai,Tamil Nadu,2023-04-09,Bronze
BM-C03873,Ishaan,Mehta,Lucknow,Uttar Pradesh,2023-03-24,Platinum
BM-C03874,Anika,Singh,Lucknow,Uttar Pradesh,2024-06-07,Silver
BM-C03875,Reyansh,Singh,Delhi,Delhi,2024-01-09,Platinum
BM-C03876,Saanvi,Nair,Delhi,Delhi,2024-02-17,Gold
BM-C03877,Saanvi,Nair,Delhi,Delhi,2019-11-06,Silver
BM-C03878,Pari,Iyer,Hyderabad,Telangana,2019-06-02,Platinum
BM-C03879,Riya,Iyer,Ahmedabad,Gujarat,2021-02-10,Silver
BM-C03880,Ananya,Nair,Bengaluru,Karnataka,2020-07-22,Silver
BM-C03881,Riya,Mehta,Jaipur,Rajasthan,2021-06-17,Bronze
BM-C03882,Myra,Sharma,Lucknow,Uttar Pradesh,2019-07-28,Gold
BM-C03883,Saanvi,Gupta,Bengaluru,Karnataka,2019-03-23,Silver
BM-C03884,Vivaan,Rao,Ahmedabad,Gujarat,2022-12-02,Silver
BM-C03885,Aditya,Nair,Delhi,Delhi,2019-06-20,Silver
BM-C03886,Krishna,Verma,Mumbai,Maharashtra,2023-08-23,Bronze
BM-C03887,Diya,Mehta,Hyderabad,Telangana,2023-11-11,Platinum
BM-C03888,Vihaan,Verma,Bengaluru,Karnataka,2022-10-12,Bronze
BM-C03889,Anika,Mehta,Jaipur,Rajasthan,2021-06-19,Bronze
BM-C03890,Navya,Nair,Delhi,Delhi,2021-03-18,Gold
BM-C03891,Arjun,Gupta,Jaipur,Rajasthan,2020-01-09,Platinum
BM-C03892,Anika,Rao,Pune,Maharashtra,2020-12-25,Platinum
BM-C03893,Diya,Singh,Jaipur,Rajasthan,2019-02-05,Silver
BM-C03894,Aarav,Iyer,Mumbai,Maharashtra,2023-08-06,Bronze
BM-C03895,Pari,Patel,Kolkata,West Bengal,2023-01-10,Bronze
BM-C03896,Reyansh,Nair,Bengaluru,Karnataka,2023-10-17,Bronze
BM-C03897,Ira,Nair,Chennai,Tamil Nadu,2019-10-12,Bronze
BM-C03898,Anika,Singh,Bengaluru,Karnataka,2024-09-26,Gold
BM-C03899,Ira,Nair,Bengaluru,Karnataka,2023-10-05,Silver
BM-C03900,Aadhya,Mehta,Ahmedabad,Gujarat,2024-09-13,Platinum
BM-C03901,Krishna,Sharma,Mumbai,Maharashtra,2024-01-04,Gold
BM-C03902,Vihaan,Iyer,Hyderabad,Telangana,2019-10-02,Platinum
BM-C03903,Diya,Nair,Delhi,Delhi,2019-05-17,Platinum
BM-C03904,Ayaan,Gupta,Jaipur,Rajasthan,2023-02-23,Gold
BM-C03905,Navya,Reddy,Jaipur,Rajasthan,2021-11-01,Platinum
BM-C03906,Vihaan,Singh,Pune,Maharashtra,2023-12-11,Platinum
BM-C03907,Ishaan,Sharma,Bengaluru,Karnataka,2024-02-22,Platinum
BM-C03908,Ira,Nair,Chennai,Tamil Nadu,2022-04-07,Silver
BM-C03909,Ira,Nair,Chennai,Tamil Nadu,2019-03-21,Gold
BM-C03910,Anika,Iyer,Ahmedabad,Gujarat,2020-04-16,Bronze
BM-C03911,Aarav,Gupta,Ahmedabad,Gujarat,2023-10-09,Gold
BM-C03912,Aadhya,Gupta,Delhi,Delhi,2020-05-11,Gold
BM-C03913,Ayaan,Nair,Lucknow,Uttar Pradesh,2021-05-05,Silver
BM-C03914,Anika,Mehta,Mumbai,Maharashtra,2020-11-20,Gold
BM-C03915,Aadhya,Rao,Jaipur,Rajasthan,2024-12-04,Silver
BM-C03916,Vivaan,Nair,Lucknow,Uttar Pradesh,2020-03-03,Gold
BM-C03917,Pari,Gupta,Kolkata,West Bengal,2023-06-26,Platinum
BM-C03918,Riya,Verma,Lucknow,Uttar Pradesh,2022-08-13,Bronze
BM-C03919,Aditya,Verma,Lucknow,Uttar Pradesh,2021-07-20,Bronze
BM-C03920,Vihaan,Mehta,Hyderabad,Telangana,2021-02-10,Gold
BM-C03921,Sai,Reddy,Lucknow,Uttar Pradesh,2022-06-19,Bronze
BM-C03922,Reyansh,Singh,Hyderabad,Telangana,2022-06-20,Bronze
BM-C03923,Sai,Reddy,Pune,Maharashtra,2019-05-17,Gold
BM-C03924,Navya,Rao,Pune,Maharashtra,2019-10-21,Platinum
BM-C03925,Aarav,Gupta,Pune,Maharashtra,2022-01-24,Gold
BM-C03926,Pari,Gupta,Chennai,Tamil Nadu,2021-03-25,Bronze
BM-C03927,Vihaan,Nair,Lucknow,Uttar Pradesh,2021-09-14,Bronze
BM-C03928,Ishaan,Iyer,Hyderabad,Telangana,2019-03-29,Platinum
BM-C03929,Aditya,Singh,Kolkata,West Bengal,2023-02-13,Bronze
BM-C03930,Arjun,Iyer,Jaipur,Rajasthan,2024-01-22,Bronze
BM-C03931,Navya,Sharma,Jaipur,Rajasthan,2022-05-29,Platinum
BM-C03932,Arjun,Verma,Jaipur,Rajasthan,2021-04-23,Bronze
BM-C03933,Krishna,Nair,Ahmedabad,Gujarat,2023-05-26,Bronze
BM-C03934,Ananya,Mehta,Hyderabad,Telangana,2020-07-27,Platinum
BM-C03935,Krishna,Rao,Kolkata,West Bengal,2022-08-04,Silver
BM-C03936,Aadhya,Mehta,Lucknow,Uttar Pradesh,2023-09-04,Platinum
BM-C03937,Anika,Nair,Chennai,Tamil Nadu,2023-10-29,Gold
BM-C03938,Ananya,Patel,Delhi,Delhi,2024-01-02,Gold
BM-C03939,Vivaan,Verma,Pune,Maharashtra,2020-01-21,Silver
BM-C03940,Sai,Sharma,Lucknow,Uttar Pradesh,2024-11-05,Platinum
BM-C03941,Ayaan,Nair,Pune,Maharashtra,2024-11-28,Bronze
BM-C03942,Vihaan,Verma,Pune,Maharashtra,2023-01-14,Bronze
BM-C03943,Vivaan,Reddy,Kolkata,West Bengal,2024-01-26,Platinum
BM-C03944,Saanvi,Patel,Hyderabad,Telangana,2021-02-11,Platinum
BM-C03945,Vihaan,Rao,Bengaluru,Karnataka,2023-12-05,Gold
BM-C03946,Diya,Mehta,Pune,Maharashtra,2019-06-23,Platinum
BM-C03947,Aarav,Sharma,Ahmedabad,Gujarat,2019-03-18,Gold
BM-C03948,Ishaan,Rao,Bengaluru,Karnataka,2023-12-09,Gold
BM-C03949,Vivaan,Iyer,Bengaluru,Karnataka,2022-03-15,Platinum
BM-C03950,Navya,Mehta,Chennai,Tamil Nadu,2022-09-13,Platinum
BM-C03951,Saanvi,Sharma,Ahmedabad,Gujarat,2021-10-12,Platinum
BM-C03952,Sai,Sharma,Chennai,Tamil Nadu,2021-08-23,Gold
BM-C03953,Diya,Singh,Kolkata,West Bengal,2022-10-08,Gold
BM-C03954,Aarav,Mehta,Jaipur,Rajasthan,2022-11-01,Gold
BM-C03955,Ayaan,Reddy,Pune,Maharashtra,2023-04-23,Bronze
BM-C03956,Arjun,Reddy,Kolkata,West Bengal,2022-02-22,Gold
BM-C03957,Aadhya,Gupta,Kolkata,West Bengal,2024-05-22,Silver
BM-C03958,Ananya,Iyer,Kolkata,West Bengal,2019-06-18,Bronze
BM-C03959,Ananya,Mehta,Kolkata,West Bengal,2024-03-04,Gold
BM-C03960,Vivaan,Sharma,Hyderabad,Telangana,2024-11-28,Platinum
BM-C03961,Sai,Verma,Bengaluru,Karnataka,2020-06-27,Silver
BM-C03962,Sai,Singh,Chennai,Tamil Nadu,2022-08-23,Platinum
BM-C03963,Ishaan,Nair,Ahmedabad,Gujarat,2020-02-22,Gold
BM-C03964,Aditya,Nair,Lucknow,Uttar Pradesh,2019-03-28,Bronze
BM-C03965,Sai,Iyer,Delhi,Delhi,2019-11-07,Bronze
BM-C03966,Anika,Iyer,Pune,Maharashtra,2023-07-16,Platinum
BM-C03967,Aarav,Rao,Mumbai,Maharashtra,2019-02-16,Bronze
BM-C03968,Riya,Rao,Ahmedabad,Gujarat,2022-05-15,Platinum
BM-C03969,Navya,Gupta,Ahmedabad,Gujarat,2020-08-31,Bronze
BM-C03970,Riya,Mehta,Bengaluru,Karnataka,2022-01-18,Platinum
BM-C03971,Krishna,Singh,Mumbai,Maharashtra,2020-02-24,Platinum
BM-C03972,Sai,Nair,Chennai,Tamil Nadu,2019-08-25,Silver
BM-C03973,Sai,Sharma,Delhi,Delhi,2020-09-25,Gold
BM-C03974,Pari,Patel,Hyderabad,Telangana,2020-12-09,Platinum
BM-C03975,Riya,Nair,Pune,Maharashtra,2023-07-12,Bronze
BM-C03976,Navya,Patel,Ahmedabad,Gujarat,2024-05-28,Silver
BM-C03977,Krishna,Rao,Pune,Maharashtra,2020-06-27,Gold
BM-C03978,Vihaan,Rao,Bengaluru,Karnataka,2024-11-28,Silver
BM-C03979,Ananya,Iyer,Jaipur,Rajasthan,2022-01-29,Gold
BM-C03980,Vivaan,Nair,Mumbai,Maharashtra,2021-03-01,Gold
BM-C03981,Ishaan,Singh,Pune,Maharashtra,2021-11-17,Silver
BM-C03982,Aditya,Verma,Hyderabad,Telangana,2020-03-10,Silver
BM-C03983,Myra,Iyer,Bengaluru,Karnataka,2023-07-28,Platinum
BM-C03984,Aditya,Singh,Lucknow,Uttar Pradesh,2022-09-24,Platinum
BM-C03985,Ayaan,Iyer,Hyderabad,Telangana,2024-06-27,Silver
BM-C03986,Sai,Sharma,Ahmedabad,Gujarat,2020-08-18,Platinum
BM-C03987,Aditya,Singh,Bengaluru,Karnataka,2022-01-03,Bronze
BM-C03988,Vivaan,Verma,Jaipur,Rajasthan,2024-02-29,Platinum
BM-C03989,Vivaan,Iyer,Hyderabad,Telangana,2021-10-19,Silver
BM-C03990,Aadhya,Mehta,Mumbai,Maharashtra,2020-12-14,Gold
BM-C03991,Anika,Gupta,Jaipur,Rajasthan,2021-04-08,Silver
BM-C03992,Ayaan,Iyer,Pune,Maharashtra,2019-02-06,Bronze
BM-C03993,Anika,Verma,Delhi,Delhi,2022-05-16,Platinum
BM-C03994,Anika,Iyer,Ahmedabad,Gujarat,2023-05-17,Bronze
BM-C03995,Diya,Gupta,Kolkata,West Bengal,2021-05-16,Gold
BM-C03996,Diya,Iyer,Chennai,Tamil Nadu,2021-03-24,Platinum
BM-C03997,Navya,Reddy,Mumbai,Maharashtra,2023-07-21,Gold
BM-C03998,Pari,Mehta,Delhi,Delhi,2024-04-08,Silver
BM-C03999,Navya,Verma,Ahmedabad,Gujarat,2019-02-18,Gold
BM-C04000,Ira,Verma,Hyderabad,Telangana,2020-04-01,Platinum
